,datetime,type,period
0,2018-05-03 06:14:21.559,IN,morning
1,2018-05-03 06:14:24.262,OUT,morning
2,2018-05-03 06:14:26.065,IN,morning
3,2018-05-03 06:14:27.867,OUT,morning
4,2018-05-03 06:14:30.965,IN,morning
5,2018-05-03 06:14:31.771,OUT,morning
6,2018-05-03 06:14:34.175,IN,morning
7,2018-05-03 06:14:36.276,OUT,morning
8,2018-05-03 06:14:38.381,IN,morning
9,2018-05-03 06:14:44.988,OUT,morning
10,2018-05-03 06:14:46.791,IN,morning
11,2018-05-03 06:14:48.593,OUT,morning
12,2018-05-03 06:14:50.997,IN,morning
13,2018-05-03 06:14:54.302,OUT,morning
14,2018-05-03 06:14:57.603,IN,morning
15,2018-05-03 06:14:58.504,OUT,morning
16,2018-05-03 06:15:01.814,IN,morning
17,2018-05-03 06:15:04.518,OUT,morning
18,2018-05-03 06:15:22.236,IN,morning
19,2018-05-03 06:15:24.641,OUT,morning
20,2018-05-03 06:15:25.841,IN,morning
21,2018-05-03 06:15:34.250,OUT,morning
22,2018-05-03 06:15:43.560,IN,morning
23,2018-05-03 06:15:45.362,OUT,morning
24,2018-05-03 06:15:47.766,IN,morning
25,2018-05-03 06:15:50.171,OUT,morning
26,2018-05-03 06:15:58.580,IN,morning
27,2018-05-03 06:16:00.686,OUT,morning
28,2018-05-03 06:16:18.707,IN,morning
29,2018-05-03 06:16:19.907,OUT,morning
30,2018-05-03 06:16:27.116,IN,morning
31,2018-05-03 06:16:29.521,OUT,morning
32,2018-05-03 06:16:30.721,IN,morning
33,2018-05-03 06:16:31.622,OUT,morning
34,2018-05-03 06:16:37.327,IN,morning
35,2018-05-03 06:16:38.831,OUT,morning
36,2018-05-03 06:16:42.734,IN,morning
37,2018-05-03 06:16:46.040,OUT,morning
38,2018-05-03 06:16:49.046,IN,morning
39,2018-05-03 06:16:50.549,OUT,morning
40,2018-05-03 06:16:54.154,IN,morning
41,2018-05-03 06:16:56.554,OUT,morning
42,2018-05-03 06:16:58.057,IN,morning
43,2018-05-03 06:17:01.059,OUT,morning
44,2018-05-03 06:17:03.161,IN,morning
45,2018-05-03 06:17:05.565,OUT,morning
46,2018-05-03 06:17:07.666,IN,morning
47,2018-05-03 06:17:10.369,OUT,morning
48,2018-05-03 06:17:11.873,IN,morning
49,2018-05-03 06:17:16.976,IN,morning
50,2018-05-03 06:17:19.983,OUT,morning
51,2018-05-03 06:17:22.085,IN,morning
52,2018-05-03 06:17:24.488,OUT,morning
53,2018-05-03 06:17:26.290,IN,morning
54,2018-05-03 06:17:28.994,OUT,morning
55,2018-05-03 06:17:31.095,IN,morning
56,2018-05-03 06:17:33.798,OUT,morning
57,2018-05-03 06:17:35.601,IN,morning
58,2018-05-03 06:17:38.304,OUT,morning
59,2018-05-03 06:17:39.205,IN,morning
60,2018-05-03 06:17:43.411,OUT,morning
61,2018-05-03 06:17:45.513,IN,morning
62,2018-05-03 06:17:59.025,OUT,morning
63,2018-05-03 06:17:59.926,IN,morning
64,2018-05-03 06:18:07.139,OUT,morning
65,2018-05-03 06:18:08.040,IN,morning
66,2018-05-03 06:18:12.546,OUT,morning
67,2018-05-03 06:18:14.951,IN,morning
68,2018-05-03 06:18:17.356,OUT,morning
69,2018-05-03 06:18:19.456,IN,morning
70,2018-05-03 06:18:33.874,OUT,morning
71,2018-05-03 06:18:35.373,IN,morning
72,2018-05-03 06:18:38.076,OUT,morning
73,2018-05-03 06:18:40.181,IN,morning
74,2018-05-03 06:18:42.283,OUT,morning
75,2018-05-03 06:18:44.085,IN,morning
76,2018-05-03 06:18:46.788,OUT,morning
77,2018-05-03 06:18:48.590,IN,morning
78,2018-05-03 06:18:51.593,OUT,morning
79,2018-05-03 06:18:53.096,IN,morning
80,2018-05-03 06:18:56.397,OUT,morning
81,2018-05-03 06:18:58.503,IN,morning
82,2018-05-03 06:19:16.222,OUT,morning
83,2018-05-03 06:19:17.422,IN,morning
84,2018-05-03 06:19:26.732,OUT,morning
85,2018-05-03 06:19:27.334,IN,morning
86,2018-05-03 06:19:30.939,OUT,morning
87,2018-05-03 06:19:33.344,IN,morning
88,2018-05-03 09:07:56.688,IN,after breakfast
89,2018-05-03 09:07:58.490,OUT,after breakfast
90,2018-05-03 09:08:04.196,IN,after breakfast
91,2018-05-03 09:08:05.700,OUT,after breakfast
92,2018-05-03 09:08:06.903,IN,after breakfast
93,2018-05-03 09:08:08.402,OUT,after breakfast
94,2018-05-03 09:08:09.905,IN,after breakfast
95,2018-05-03 09:08:11.405,OUT,after breakfast
96,2018-05-03 09:08:12.609,IN,after breakfast
97,2018-05-03 09:08:13.809,OUT,after breakfast
98,2018-05-03 09:08:15.611,IN,after breakfast
99,2018-05-03 09:08:17.114,OUT,after breakfast
100,2018-05-03 09:08:18.917,IN,after breakfast
101,2018-05-03 09:08:20.416,OUT,after breakfast
102,2018-05-03 09:08:22.218,IN,after breakfast
103,2018-05-03 09:08:23.422,OUT,after breakfast
104,2018-05-03 09:08:24.921,IN,after breakfast
105,2018-05-03 09:08:26.425,OUT,after breakfast
106,2018-05-03 09:08:27.924,IN,after breakfast
107,2018-05-03 09:08:29.427,OUT,after breakfast
108,2018-05-03 09:08:34.535,IN,after breakfast
109,2018-05-03 09:08:36.640,OUT,after breakfast
110,2018-05-03 09:08:40.842,IN,after breakfast
111,2018-05-03 09:08:42.943,OUT,after breakfast
112,2018-05-03 09:08:44.148,IN,after breakfast
113,2018-05-03 09:08:45.648,OUT,after breakfast
114,2018-05-03 09:08:47.753,IN,after breakfast
115,2018-05-03 09:08:49.256,OUT,after breakfast
116,2018-05-03 09:08:51.062,IN,after breakfast
117,2018-05-03 09:08:52.263,OUT,after breakfast
118,2018-05-03 09:08:54.065,IN,after breakfast
119,2018-05-03 09:08:55.568,OUT,after breakfast
120,2018-05-03 09:08:57.374,IN,after breakfast
121,2018-05-03 09:08:58.877,OUT,after breakfast
122,2018-05-03 09:09:00.380,IN,after breakfast
123,2018-05-03 09:09:01.883,OUT,after breakfast
124,2018-05-03 09:09:03.686,IN,after breakfast
125,2018-05-03 09:09:04.587,OUT,after breakfast
126,2018-05-03 09:09:10.599,IN,after breakfast
127,2018-05-03 09:09:11.501,OUT,after breakfast
128,2018-05-03 09:09:13.303,IN,after breakfast
129,2018-05-03 09:09:14.806,OUT,after breakfast
130,2018-05-03 09:09:16.305,IN,after breakfast
131,2018-05-03 09:09:17.808,OUT,after breakfast
132,2018-05-03 09:09:19.311,IN,after breakfast
133,2018-05-03 09:09:20.810,OUT,after breakfast
134,2018-05-03 09:09:22.613,IN,after breakfast
135,2018-05-03 09:09:24.118,OUT,after breakfast
136,2018-05-03 09:09:25.620,IN,after breakfast
137,2018-05-03 09:09:27.123,OUT,after breakfast
138,2018-05-03 09:09:28.926,IN,after breakfast
139,2018-05-03 09:09:30.429,OUT,after breakfast
140,2018-05-03 09:09:32.230,IN,after breakfast
141,2018-05-03 09:09:33.131,OUT,after breakfast
142,2018-05-03 09:09:34.635,IN,after breakfast
143,2018-05-03 09:09:35.840,OUT,after breakfast
144,2018-05-03 09:09:37.642,IN,after breakfast
145,2018-05-03 09:09:39.443,OUT,after breakfast
146,2018-05-03 09:09:43.347,IN,after breakfast
147,2018-05-03 09:09:45.154,OUT,after breakfast
148,2018-05-03 09:09:49.060,IN,after breakfast
149,2018-05-03 09:09:50.559,OUT,after breakfast
150,2018-05-03 09:09:52.063,IN,after breakfast
151,2018-05-03 09:09:53.263,OUT,after breakfast
152,2018-05-03 09:09:55.369,IN,after breakfast
153,2018-05-03 09:09:56.270,OUT,after breakfast
154,2018-05-03 09:09:58.072,IN,after breakfast
155,2018-05-03 09:09:59.276,OUT,after breakfast
156,2018-05-03 09:10:00.779,IN,after breakfast
157,2018-05-03 09:10:01.979,OUT,after breakfast
158,2018-05-03 09:10:03.482,IN,after breakfast
159,2018-05-03 09:10:04.981,OUT,after breakfast
160,2018-05-03 09:10:06.186,IN,after breakfast
161,2018-05-03 09:10:07.690,OUT,after breakfast
162,2018-05-03 09:10:08.890,IN,after breakfast
163,2018-05-03 09:10:10.695,OUT,after breakfast
164,2018-05-03 09:10:11.896,IN,after breakfast
165,2018-05-03 09:10:13.701,OUT,after breakfast
166,2018-05-03 09:10:15.505,IN,after breakfast
167,2018-05-03 09:10:17.008,OUT,after breakfast
168,2018-05-03 09:10:19.112,IN,after breakfast
169,2018-05-03 09:10:20.313,OUT,after breakfast
170,2018-05-03 09:10:22.115,IN,after breakfast
171,2018-05-03 09:10:23.619,OUT,after breakfast
172,2018-05-03 09:10:25.122,IN,after breakfast
173,2018-05-03 09:10:26.325,OUT,after breakfast
174,2018-05-03 09:10:28.127,IN,after breakfast
175,2018-05-03 09:10:29.627,OUT,after breakfast
176,2018-05-03 09:10:31.130,IN,after breakfast
177,2018-05-03 09:10:32.634,OUT,after breakfast
178,2018-05-03 09:10:37.138,IN,after breakfast
179,2018-05-03 09:10:38.343,OUT,after breakfast
180,2018-05-03 09:10:40.146,IN,after breakfast
181,2018-05-03 09:10:41.649,OUT,after breakfast
182,2018-05-03 09:10:43.152,IN,after breakfast
183,2018-05-03 09:10:44.954,OUT,after breakfast
184,2018-05-03 09:10:46.158,IN,after breakfast
185,2018-05-03 09:10:48.260,OUT,after breakfast
186,2018-05-03 09:10:49.464,IN,after breakfast
187,2018-05-03 09:10:50.967,OUT,after breakfast
188,2018-05-03 09:10:52.470,IN,after breakfast
189,2018-05-03 09:10:53.671,OUT,after breakfast
190,2018-05-03 09:10:55.174,IN,after breakfast
191,2018-05-03 09:10:56.677,OUT,after breakfast
192,2018-05-03 09:10:57.279,IN,after breakfast
193,2018-05-03 09:10:59.684,OUT,after breakfast
194,2018-05-03 09:11:01.485,IN,after breakfast
195,2018-05-03 09:11:02.989,OUT,after breakfast
196,2018-05-03 09:11:07.494,IN,after breakfast
197,2018-05-03 09:11:08.997,OUT,after breakfast
198,2018-05-03 09:11:12.601,OUT,after breakfast
199,2018-05-03 09:11:17.705,IN,after breakfast
200,2018-05-03 09:11:18.910,OUT,after breakfast
201,2018-05-03 09:11:20.711,IN,after breakfast
202,2018-05-03 09:11:21.911,OUT,after breakfast
203,2018-05-03 09:11:24.013,IN,after breakfast
204,2018-05-03 09:11:25.516,OUT,after breakfast
205,2018-05-03 09:11:27.019,IN,after breakfast
206,2018-05-03 09:11:28.522,OUT,after breakfast
207,2018-05-03 09:11:30.326,IN,after breakfast
208,2018-05-03 09:11:31.828,OUT,after breakfast
209,2018-05-03 09:11:40.839,IN,after breakfast
210,2018-05-03 09:11:41.740,OUT,after breakfast
211,2018-05-03 09:11:44.742,IN,after breakfast
212,2018-05-03 09:11:46.245,OUT,after breakfast
213,2018-05-03 09:11:55.560,IN,after breakfast
214,2018-05-03 09:11:56.461,OUT,after breakfast
215,2018-05-03 09:12:03.969,IN,after breakfast
216,2018-05-03 09:12:05.472,OUT,after breakfast
217,2018-05-03 09:12:15.683,IN,after breakfast
218,2018-05-03 09:12:17.182,OUT,after breakfast
219,2018-05-03 09:12:53.838,IN,after breakfast
220,2018-05-03 09:12:54.739,OUT,after breakfast
221,2018-05-03 09:12:57.441,IN,after breakfast
222,2018-05-03 09:12:58.641,OUT,after breakfast
223,2018-05-03 09:13:02.247,IN,after breakfast
224,2018-05-03 09:13:05.253,OUT,after breakfast
225,2018-05-03 09:13:07.058,IN,after breakfast
226,2018-05-03 09:13:10.061,IN,after breakfast
227,2018-05-03 09:13:12.162,OUT,after breakfast
228,2018-05-03 09:13:16.070,IN,after breakfast
229,2018-05-03 09:13:17.574,OUT,after breakfast
230,2018-05-03 09:13:28.984,IN,after breakfast
231,2018-05-03 09:13:30.188,OUT,after breakfast
232,2018-05-03 09:13:39.802,IN,after breakfast
233,2018-05-03 09:13:40.704,OUT,after breakfast
234,2018-05-03 09:13:42.808,IN,after breakfast
235,2018-05-03 09:13:44.611,OUT,after breakfast
236,2018-05-03 09:14:11.664,IN,after breakfast
237,2018-05-03 09:14:13.467,OUT,after breakfast
238,2018-05-03 09:14:15.571,IN,after breakfast
239,2018-05-03 09:14:17.075,OUT,after breakfast
240,2018-05-03 09:14:19.475,IN,after breakfast
241,2018-05-03 09:14:20.376,OUT,after breakfast
242,2018-05-03 09:14:21.580,IN,after breakfast
243,2018-05-03 09:14:23.079,OUT,after breakfast
244,2018-05-03 09:14:25.783,IN,after breakfast
245,2018-05-03 09:14:27.585,OUT,after breakfast
246,2018-05-03 12:02:29.102,IN,before lunch
247,2018-05-03 12:02:31.203,OUT,before lunch
248,2018-05-03 12:02:32.104,IN,before lunch
249,2018-05-03 12:02:33.906,OUT,before lunch
250,2018-05-03 12:02:35.107,IN,before lunch
251,2018-05-03 12:02:37.212,OUT,before lunch
252,2018-05-03 12:02:38.113,IN,before lunch
253,2018-05-03 12:02:45.019,OUT,before lunch
254,2018-05-03 12:02:55.230,IN,before lunch
255,2018-05-03 12:02:56.733,OUT,before lunch
256,2018-05-03 12:03:05.744,IN,before lunch
257,2018-05-03 12:03:06.645,OUT,before lunch
258,2018-05-03 12:03:07.845,IN,before lunch
259,2018-05-03 12:03:09.350,OUT,before lunch
260,2018-05-03 12:03:41.793,IN,before lunch
261,2018-05-03 12:03:43.296,OUT,before lunch
262,2018-05-03 12:04:07.032,IN,before lunch
263,2018-05-03 12:04:08.531,OUT,before lunch
264,2018-05-03 12:04:13.938,IN,before lunch
265,2018-05-03 12:04:15.138,OUT,before lunch
266,2018-05-03 12:04:18.144,IN,before lunch
267,2018-05-03 12:04:22.949,OUT,before lunch
268,2018-05-03 12:04:25.951,IN,before lunch
269,2018-05-03 12:04:31.657,OUT,before lunch
270,2018-05-03 12:04:43.371,IN,before lunch
271,2018-05-03 12:04:47.878,OUT,before lunch
272,2018-05-03 12:04:59.591,IN,before lunch
273,2018-05-03 12:05:00.492,OUT,before lunch
274,2018-05-03 12:05:04.998,IN,before lunch
275,2018-05-03 12:05:06.497,OUT,before lunch
276,2018-05-03 12:05:12.506,IN,before lunch
277,2018-05-03 12:05:14.005,OUT,before lunch
278,2018-05-03 12:05:23.016,IN,before lunch
279,2018-05-03 12:05:26.018,OUT,before lunch
280,2018-05-03 12:05:26.321,IN,before lunch
281,2018-05-03 12:05:29.025,OUT,before lunch
282,2018-05-03 12:05:34.730,IN,before lunch
283,2018-05-03 12:05:36.230,OUT,before lunch
284,2018-05-03 12:05:45.540,OUT,before lunch
285,2018-05-03 12:05:54.252,IN,before lunch
286,2018-05-03 12:05:56.955,OUT,before lunch
287,2018-05-03 12:05:59.056,IN,before lunch
288,2018-05-03 12:06:18.587,OUT,before lunch
289,2018-05-03 12:06:20.392,IN,before lunch
290,2018-05-03 12:06:37.223,OUT,before lunch
291,2018-05-03 12:06:39.025,IN,before lunch
292,2018-05-03 12:07:55.246,IN,before lunch
293,2018-05-03 12:07:57.646,OUT,before lunch
294,2018-05-03 12:07:59.150,IN,before lunch
295,2018-05-03 12:08:00.952,OUT,before lunch
296,2018-05-03 12:08:02.754,IN,before lunch
297,2018-05-03 12:08:04.257,OUT,before lunch
298,2018-05-03 12:08:06.956,IN,before lunch
299,2018-05-03 12:08:16.570,OUT,before lunch
300,2018-05-03 12:08:17.471,IN,before lunch
301,2018-05-03 12:08:19.273,OUT,before lunch
302,2018-05-03 12:08:21.075,IN,before lunch
303,2018-05-03 12:08:22.877,OUT,before lunch
304,2018-05-03 12:08:24.979,IN,before lunch
305,2018-05-03 12:08:26.482,OUT,before lunch
306,2018-05-03 12:08:28.583,IN,before lunch
307,2018-05-03 12:08:30.684,OUT,before lunch
308,2018-05-03 12:08:32.786,IN,before lunch
309,2018-05-03 12:08:34.588,OUT,before lunch
310,2018-05-03 12:08:36.693,IN,before lunch
311,2018-05-03 12:08:38.495,OUT,before lunch
312,2018-05-03 12:08:49.907,IN,before lunch
313,2018-05-03 12:08:52.311,OUT,before lunch
314,2018-05-03 12:08:53.212,IN,before lunch
315,2018-05-03 12:08:55.314,OUT,before lunch
316,2018-05-03 12:08:57.119,IN,before lunch
317,2018-05-03 12:08:58.922,OUT,before lunch
318,2018-05-03 12:09:00.724,IN,before lunch
319,2018-05-03 12:09:03.427,OUT,before lunch
320,2018-05-03 12:09:04.926,IN,before lunch
321,2018-05-03 12:09:09.133,IN,before lunch
322,2018-05-03 12:09:12.135,OUT,before lunch
323,2018-05-03 12:09:18.443,IN,before lunch
324,2018-05-03 12:09:20.544,OUT,before lunch
325,2018-05-03 12:09:22.346,IN,before lunch
326,2018-05-03 12:09:24.448,OUT,before lunch
327,2018-05-03 12:09:26.250,IN,before lunch
328,2018-05-03 12:09:27.753,OUT,before lunch
329,2018-05-03 12:09:29.556,IN,before lunch
330,2018-05-03 12:09:31.661,OUT,before lunch
331,2018-05-03 12:09:33.762,IN,before lunch
332,2018-05-03 12:09:34.962,OUT,before lunch
333,2018-05-03 12:09:35.564,IN,before lunch
334,2018-05-03 12:09:38.566,OUT,before lunch
335,2018-05-03 12:09:40.668,IN,before lunch
336,2018-05-03 12:09:42.470,OUT,before lunch
337,2018-05-03 12:09:44.575,IN,before lunch
338,2018-05-03 12:09:59.890,OUT,before lunch
339,2018-05-03 12:10:01.995,IN,before lunch
340,2018-05-03 12:10:10.703,OUT,before lunch
341,2018-05-03 12:10:11.903,IN,before lunch
342,2018-05-03 12:10:13.407,OUT,before lunch
343,2018-05-03 12:10:14.308,IN,before lunch
344,2018-05-03 12:10:16.712,OUT,before lunch
345,2018-05-03 12:10:18.514,IN,before lunch
346,2018-05-03 12:10:20.013,OUT,before lunch
347,2018-05-03 12:10:22.119,IN,before lunch
348,2018-05-03 12:10:28.123,OUT,before lunch
349,2018-05-03 12:10:33.231,IN,before lunch
350,2018-05-03 12:10:34.730,OUT,before lunch
351,2018-05-03 12:10:36.532,IN,before lunch
352,2018-05-03 12:10:38.937,OUT,before lunch
353,2018-05-03 12:10:40.436,IN,before lunch
354,2018-05-03 12:10:42.840,OUT,before lunch
355,2018-05-03 12:10:43.442,IN,before lunch
356,2018-05-03 12:10:51.548,OUT,before lunch
357,2018-05-03 12:10:53.653,IN,before lunch
358,2018-05-03 12:10:54.853,OUT,before lunch
359,2018-05-03 12:10:57.258,IN,before lunch
360,2018-05-03 12:11:06.568,OUT,before lunch
361,2018-05-03 12:11:12.876,IN,before lunch
362,2018-05-03 14:56:29.060,OUT,after lunch
363,2018-05-03 14:56:35.333,IN,after lunch
364,2018-05-03 14:56:36.234,OUT,after lunch
365,2018-05-03 14:56:54.265,IN,after lunch
366,2018-05-03 14:56:55.170,OUT,after lunch
367,2018-05-03 14:57:37.551,IN,after lunch
368,2018-05-03 14:57:57.380,OUT,after lunch
369,2018-05-03 15:06:57.734,OUT,after lunch
370,2018-05-03 15:06:57.811,IN,after lunch
371,2018-05-03 15:07:01.117,OUT,after lunch
372,2018-05-03 15:07:01.419,IN,after lunch
373,2018-05-03 15:07:04.123,OUT,after lunch
374,2018-05-03 15:07:05.328,IN,after lunch
375,2018-05-03 15:07:07.732,OUT,after lunch
376,2018-05-03 15:07:08.034,IN,after lunch
377,2018-05-03 15:07:10.737,OUT,after lunch
378,2018-05-03 15:07:11.036,IN,after lunch
379,2018-05-03 15:07:14.646,OUT,after lunch
380,2018-05-03 15:07:15.248,IN,after lunch
381,2018-05-03 15:07:17.053,OUT,after lunch
382,2018-05-03 15:07:17.652,IN,after lunch
383,2018-05-03 15:07:20.962,OUT,after lunch
384,2018-05-03 15:07:21.564,IN,after lunch
385,2018-05-03 15:07:24.266,OUT,after lunch
386,2018-05-03 15:07:24.569,IN,after lunch
387,2018-05-03 15:07:31.184,OUT,after lunch
388,2018-05-03 15:07:32.086,IN,after lunch
389,2018-05-03 15:07:37.496,IN,after lunch
390,2018-05-03 15:07:52.819,OUT,after lunch
391,2018-05-03 15:07:53.118,IN,after lunch
392,2018-05-03 15:07:56.727,OUT,after lunch
393,2018-05-03 15:07:57.628,IN,after lunch
394,2018-05-03 15:08:09.650,OUT,after lunch
395,2018-05-03 15:08:10.252,IN,after lunch
396,2018-05-03 15:08:12.955,OUT,after lunch
397,2018-05-03 15:08:13.258,IN,after lunch
398,2018-05-03 15:08:16.260,OUT,after lunch
399,2018-05-03 15:08:17.161,IN,after lunch
400,2018-05-03 15:08:32.485,OUT,after lunch
401,2018-05-03 15:08:34.590,IN,after lunch
402,2018-05-03 15:08:35.790,OUT,after lunch
403,2018-05-03 15:08:37.293,IN,after lunch
404,2018-05-03 15:08:39.095,OUT,after lunch
405,2018-05-03 15:08:41.201,IN,after lunch
406,2018-05-03 15:08:42.102,OUT,after lunch
407,2018-05-03 15:08:46.607,OUT,after lunch
408,2018-05-03 15:08:48.410,IN,after lunch
409,2018-05-03 15:08:49.311,OUT,after lunch
410,2018-05-03 15:08:50.212,IN,after lunch
411,2018-05-03 15:08:51.113,OUT,after lunch
412,2018-05-03 15:08:52.616,IN,after lunch
413,2018-05-03 15:12:27.346,IN,after lunch
414,2018-05-03 15:12:28.248,OUT,after lunch
415,2018-05-03 15:12:30.349,IN,after lunch
416,2018-05-03 15:12:31.554,OUT,after lunch
417,2018-05-03 15:12:59.139,IN,after lunch
418,2018-05-03 15:13:00.339,OUT,after lunch
419,2018-05-03 15:13:02.744,IN,after lunch
420,2018-05-03 15:13:03.944,OUT,after lunch
421,2018-05-03 15:13:06.049,IN,after lunch
422,2018-05-03 15:13:07.249,OUT,after lunch
423,2018-05-03 15:13:13.557,IN,after lunch
424,2018-05-03 15:13:14.458,OUT,after lunch
425,2018-05-03 15:13:17.161,IN,after lunch
426,2018-05-03 15:13:18.062,OUT,after lunch
427,2018-05-03 15:13:20.463,IN,after lunch
428,2018-05-03 15:13:21.364,OUT,after lunch
429,2018-05-03 15:13:27.671,IN,after lunch
430,2018-05-03 15:13:28.573,OUT,after lunch
431,2018-05-03 15:13:32.476,IN,after lunch
432,2018-05-03 15:13:33.377,OUT,after lunch
433,2018-05-03 15:13:34.577,IN,after lunch
434,2018-05-03 15:13:35.478,OUT,after lunch
435,2018-05-03 15:13:46.292,IN,after lunch
436,2018-05-03 15:13:47.795,OUT,after lunch
437,2018-05-03 15:13:48.393,IN,after lunch
438,2018-05-03 15:13:51.997,OUT,after lunch
439,2018-05-03 15:13:54.099,IN,after lunch
440,2018-05-03 15:13:55.000,OUT,after lunch
441,2018-05-03 15:13:57.703,IN,after lunch
442,2018-05-03 15:13:58.907,OUT,after lunch
443,2018-05-03 15:14:09.717,IN,after lunch
444,2018-05-03 15:14:28.337,OUT,after lunch
445,2018-05-03 15:14:33.141,IN,after lunch
446,2018-05-03 15:14:34.345,OUT,after lunch
447,2018-05-03 15:14:42.152,IN,after lunch
448,2018-05-03 15:14:43.353,OUT,after lunch
449,2018-05-03 15:14:46.359,IN,after lunch
450,2018-05-03 15:14:47.559,OUT,after lunch
451,2018-05-03 15:14:50.262,IN,after lunch
452,2018-05-03 15:14:51.761,OUT,after lunch
453,2018-05-03 17:48:57.060,IN,after jogging
454,2018-05-03 17:48:57.961,OUT,after jogging
455,2018-05-03 17:48:59.763,IN,after jogging
456,2018-05-03 17:49:00.967,OUT,after jogging
457,2018-05-03 17:49:02.168,IN,after jogging
458,2018-05-03 17:49:03.069,OUT,after jogging
459,2018-05-03 17:49:05.772,IN,after jogging
460,2018-05-03 17:49:06.673,OUT,after jogging
461,2018-05-03 17:49:07.574,IN,after jogging
462,2018-05-03 17:49:08.475,OUT,after jogging
463,2018-05-03 17:49:09.073,IN,after jogging
464,2018-05-03 17:49:10.278,OUT,after jogging
465,2018-05-03 17:49:10.876,IN,after jogging
466,2018-05-03 17:49:11.777,OUT,after jogging
467,2018-05-03 17:49:12.379,IN,after jogging
468,2018-05-03 17:49:13.280,OUT,after jogging
469,2018-05-03 17:49:13.882,IN,after jogging
470,2018-05-03 17:49:14.783,OUT,after jogging
471,2018-05-03 17:49:15.381,IN,after jogging
472,2018-05-03 17:49:16.585,OUT,after jogging
473,2018-05-03 17:49:16.884,IN,after jogging
474,2018-05-03 17:49:17.785,OUT,after jogging
475,2018-05-03 17:49:23.192,IN,after jogging
476,2018-05-03 17:49:24.093,OUT,after jogging
477,2018-05-03 17:49:24.691,IN,after jogging
478,2018-05-03 17:49:25.592,OUT,after jogging
479,2018-05-03 17:49:26.194,IN,after jogging
480,2018-05-03 17:49:27.095,OUT,after jogging
481,2018-05-03 17:49:28.898,IN,after jogging
482,2018-05-03 17:49:29.799,OUT,after jogging
483,2018-05-03 17:49:30.401,IN,after jogging
484,2018-05-03 17:49:31.302,OUT,after jogging
485,2018-05-03 17:49:31.900,IN,after jogging
486,2018-05-03 17:49:32.801,OUT,after jogging
487,2018-05-03 17:49:34.001,IN,after jogging
488,2018-05-03 17:49:36.705,OUT,after jogging
489,2018-05-03 17:49:37.008,IN,after jogging
490,2018-05-03 17:49:37.909,OUT,after jogging
491,2018-05-03 17:49:38.208,IN,after jogging
492,2018-05-03 17:49:39.109,OUT,after jogging
493,2018-05-03 17:49:39.408,IN,after jogging
494,2018-05-03 17:49:40.309,OUT,after jogging
495,2018-05-03 17:49:42.713,IN,after jogging
496,2018-05-03 17:49:43.614,OUT,after jogging
497,2018-05-03 17:49:45.118,IN,after jogging
498,2018-05-03 17:49:46.019,OUT,after jogging
499,2018-05-03 17:49:46.318,IN,after jogging
500,2018-05-03 17:49:47.219,OUT,after jogging
501,2018-05-03 17:49:47.518,IN,after jogging
502,2018-05-03 17:49:48.419,OUT,after jogging
503,2018-05-03 17:49:51.122,IN,after jogging
504,2018-05-03 17:49:52.024,OUT,after jogging
505,2018-05-03 17:49:52.323,IN,after jogging
506,2018-05-03 17:49:53.224,OUT,after jogging
507,2018-05-03 17:49:53.826,IN,after jogging
508,2018-05-03 17:49:54.727,OUT,after jogging
509,2018-05-03 17:50:00.432,IN,after jogging
510,2018-05-03 17:50:01.334,OUT,after jogging
511,2018-05-03 17:50:01.633,IN,after jogging
512,2018-05-03 17:50:02.534,OUT,after jogging
513,2018-05-03 17:50:08.841,IN,after jogging
514,2018-05-03 17:50:09.743,OUT,after jogging
515,2018-05-03 17:50:13.048,IN,after jogging
516,2018-05-03 17:50:13.949,OUT,after jogging
517,2018-05-03 17:50:15.751,IN,after jogging
518,2018-05-03 17:50:16.652,OUT,after jogging
519,2018-05-03 17:50:18.754,IN,after jogging
520,2018-05-03 17:50:19.954,OUT,after jogging
521,2018-05-03 17:50:37.673,IN,after jogging
522,2018-05-03 17:50:38.574,OUT,after jogging
523,2018-05-03 17:50:45.484,IN,after jogging
524,2018-05-03 17:50:46.385,OUT,after jogging
525,2018-05-03 17:50:54.794,IN,after jogging
526,2018-05-03 17:50:55.695,OUT,after jogging
527,2018-05-03 17:50:57.497,IN,after jogging
528,2018-05-03 17:51:08.605,IN,after jogging
529,2018-05-03 17:51:14.315,OUT,after jogging
530,2018-05-03 17:51:17.916,IN,after jogging
531,2018-05-03 17:51:20.619,OUT,after jogging
532,2018-05-03 17:51:21.221,IN,after jogging
533,2018-05-03 17:51:22.122,OUT,after jogging
534,2018-05-03 17:51:24.223,IN,after jogging
535,2018-05-03 17:51:25.124,OUT,after jogging
536,2018-05-03 17:51:25.428,IN,after jogging
537,2018-05-03 17:51:26.628,OUT,after jogging
538,2018-05-03 17:51:26.927,IN,after jogging
539,2018-05-03 17:51:28.131,OUT,after jogging
540,2018-05-03 17:51:28.430,IN,after jogging
541,2018-05-03 17:51:29.630,OUT,after jogging
542,2018-05-03 17:51:29.933,IN,after jogging
543,2018-05-03 17:51:31.133,OUT,after jogging
544,2018-05-03 17:51:31.731,IN,after jogging
545,2018-05-03 17:51:32.935,OUT,after jogging
546,2018-05-03 17:51:33.234,IN,after jogging
547,2018-05-03 17:51:34.434,OUT,after jogging
548,2018-05-03 17:51:35.037,IN,after jogging
549,2018-05-03 17:51:35.938,OUT,after jogging
550,2018-05-03 17:51:37.740,IN,after jogging
551,2018-05-03 17:51:38.641,OUT,after jogging
552,2018-05-03 17:51:38.940,IN,after jogging
553,2018-05-03 17:51:41.344,OUT,after jogging
554,2018-05-03 17:51:41.643,IN,after jogging
555,2018-05-03 17:51:42.545,OUT,after jogging
556,2018-05-03 17:51:43.147,IN,after jogging
557,2018-05-03 17:51:44.048,OUT,after jogging
558,2018-05-03 17:51:44.347,IN,after jogging
559,2018-05-03 17:51:45.551,OUT,after jogging
560,2018-05-03 17:51:45.850,IN,after jogging
561,2018-05-03 17:51:46.751,OUT,after jogging
562,2018-05-03 17:51:47.050,IN,after jogging
563,2018-05-03 17:51:47.951,OUT,after jogging
564,2018-05-03 17:51:48.553,IN,after jogging
565,2018-05-03 17:51:49.454,OUT,after jogging
566,2018-05-03 17:51:49.753,IN,after jogging
567,2018-05-03 17:51:50.953,OUT,after jogging
568,2018-05-03 17:51:51.257,IN,after jogging
569,2018-05-03 17:51:52.457,OUT,after jogging
570,2018-05-03 17:51:52.756,IN,after jogging
571,2018-05-03 17:51:53.657,OUT,after jogging
572,2018-05-03 17:51:54.259,IN,after jogging
573,2018-05-03 17:51:55.160,OUT,after jogging
574,2018-05-03 17:51:55.762,IN,after jogging
575,2018-05-03 17:51:56.663,OUT,after jogging
576,2018-05-03 17:51:57.261,IN,after jogging
577,2018-05-03 17:51:58.465,OUT,after jogging
578,2018-05-03 17:51:59.063,IN,after jogging
579,2018-05-03 17:51:59.965,OUT,after jogging
580,2018-05-03 17:52:00.567,IN,after jogging
581,2018-05-03 17:52:01.468,OUT,after jogging
582,2018-05-03 17:52:02.070,IN,after jogging
583,2018-05-03 17:52:03.569,OUT,after jogging
584,2018-05-03 17:52:04.171,IN,after jogging
585,2018-05-03 17:52:05.072,OUT,after jogging
586,2018-05-03 17:52:06.272,IN,after jogging
587,2018-05-03 17:52:08.677,IN,after jogging
588,2018-05-03 17:52:10.176,OUT,after jogging
589,2018-05-03 17:52:11.077,IN,after jogging
590,2018-05-03 17:52:12.281,OUT,after jogging
591,2018-05-03 17:52:13.780,IN,after jogging
592,2018-05-03 17:52:14.681,OUT,after jogging
593,2018-05-03 17:52:16.185,IN,after jogging
594,2018-05-03 17:52:17.385,OUT,after jogging
595,2018-05-03 17:52:18.589,IN,after jogging
596,2018-05-03 17:52:20.088,OUT,after jogging
597,2018-05-03 17:52:21.591,IN,after jogging
598,2018-05-03 17:52:22.791,OUT,after jogging
599,2018-05-03 17:52:23.991,IN,after jogging
600,2018-05-03 17:52:24.893,OUT,after jogging
601,2018-05-03 17:52:51.623,IN,after jogging
602,2018-05-03 17:52:52.524,OUT,after jogging
603,2018-05-03 17:52:58.229,IN,after jogging
604,2018-05-03 17:52:59.131,OUT,after jogging
605,2018-05-03 17:53:02.735,IN,after jogging
606,2018-05-03 17:53:03.636,OUT,after jogging
607,2018-05-03 17:53:08.441,IN,after jogging
608,2018-05-03 17:53:09.342,OUT,after jogging
609,2018-05-03 17:53:27.360,IN,after jogging
610,2018-05-03 17:53:28.261,OUT,after jogging
611,2018-05-03 17:53:37.272,IN,after jogging
612,2018-05-03 17:53:38.173,OUT,after jogging
613,2018-05-03 17:53:43.879,IN,after jogging
614,2018-05-03 17:53:44.780,OUT,after jogging
615,2018-05-03 17:54:03.699,IN,after jogging
616,2018-05-03 17:54:10.609,OUT,after jogging
617,2018-05-03 17:54:20.517,IN,after jogging
618,2018-05-03 17:54:21.418,OUT,after jogging
619,2018-05-03 17:54:26.526,IN,after jogging
620,2018-05-03 17:54:27.427,OUT,after jogging
621,2018-05-03 17:54:37.335,IN,after jogging
622,2018-05-03 17:54:38.236,OUT,after jogging
623,2018-05-03 17:54:40.038,IN,after jogging
624,2018-05-03 17:54:40.940,OUT,after jogging
625,2018-05-03 17:54:43.045,IN,after jogging
626,2018-05-03 17:54:43.946,OUT,after jogging
627,2018-05-03 17:54:45.748,IN,after jogging
628,2018-05-03 17:54:46.948,OUT,after jogging
629,2018-05-03 19:47:29.160,IN,night
630,2018-05-03 19:47:30.664,OUT,night
631,2018-05-03 19:47:32.466,IN,night
632,2018-05-03 19:47:34.268,OUT,night
633,2018-05-03 19:47:36.369,IN,night
634,2018-05-03 19:47:38.171,OUT,night
635,2018-05-03 19:47:39.974,IN,night
636,2018-05-03 19:47:41.776,OUT,night
637,2018-05-03 19:47:43.877,IN,night
638,2018-05-03 19:47:45.679,OUT,night
639,2018-05-03 19:47:48.084,IN,night
640,2018-05-03 19:47:49.583,OUT,night
641,2018-05-03 19:47:51.987,IN,night
642,2018-05-03 19:47:53.490,OUT,night
643,2018-05-03 19:47:55.592,IN,night
644,2018-05-03 19:47:56.493,OUT,night
645,2018-05-03 19:47:58.893,IN,night
646,2018-05-03 19:48:00.396,OUT,night
647,2018-05-03 19:48:02.497,IN,night
648,2018-05-03 19:48:03.398,OUT,night
649,2018-05-03 19:48:05.504,IN,night
650,2018-05-03 19:48:06.704,OUT,night
651,2018-05-03 19:48:08.506,IN,night
652,2018-05-03 19:48:11.807,IN,night
653,2018-05-03 19:48:12.709,OUT,night
654,2018-05-03 19:48:15.113,IN,night
655,2018-05-03 19:48:16.616,OUT,night
656,2018-05-03 19:48:18.418,IN,night
657,2018-05-03 19:48:19.319,OUT,night
658,2018-05-03 19:48:21.421,IN,night
659,2018-05-03 19:48:23.223,OUT,night
660,2018-05-03 19:48:24.722,IN,night
661,2018-05-03 19:48:27.126,OUT,night
662,2018-05-03 19:48:28.326,IN,night
663,2018-05-03 19:48:29.830,OUT,night
664,2018-05-03 19:48:31.931,IN,night
665,2018-05-03 19:48:33.135,OUT,night
666,2018-05-03 19:48:35.535,IN,night
667,2018-05-03 19:48:37.039,OUT,night
668,2018-05-03 19:48:39.140,IN,night
669,2018-05-03 19:48:40.643,OUT,night
670,2018-05-03 19:48:42.744,IN,night
671,2018-05-03 19:48:44.546,OUT,night
672,2018-05-03 19:48:46.951,IN,night
673,2018-05-03 19:48:48.450,OUT,night
674,2018-05-03 19:48:51.755,IN,night
675,2018-05-03 19:48:52.955,OUT,night
676,2018-05-03 19:48:55.360,IN,night
677,2018-05-03 19:48:56.859,OUT,night
678,2018-05-03 19:48:59.263,IN,night
679,2018-05-03 19:49:00.164,OUT,night
680,2018-05-03 19:49:02.868,IN,night
681,2018-05-03 19:49:04.969,OUT,night
682,2018-05-03 19:49:06.169,IN,night
683,2018-05-03 19:49:08.872,OUT,night
684,2018-05-03 19:49:10.076,IN,night
685,2018-05-03 19:49:12.178,OUT,night
686,2018-05-03 19:49:13.681,IN,night
687,2018-05-03 19:49:16.384,OUT,night
688,2018-05-03 19:49:20.288,OUT,night
689,2018-05-03 19:49:22.389,IN,night
690,2018-05-03 19:49:24.490,OUT,night
691,2018-05-03 19:49:26.595,IN,night
692,2018-05-03 19:49:28.398,OUT,night
693,2018-05-03 19:49:30.499,IN,night
694,2018-05-03 19:49:31.400,OUT,night
695,2018-05-03 19:49:33.800,IN,night
696,2018-05-03 19:49:35.303,OUT,night
697,2018-05-03 19:49:36.504,IN,night
698,2018-05-03 19:49:38.609,OUT,night
699,2018-05-03 19:49:40.411,IN,night
700,2018-05-03 19:49:42.811,OUT,night
701,2018-05-03 19:49:43.413,IN,night
702,2018-05-03 19:49:46.117,OUT,night
703,2018-05-03 19:49:47.919,IN,night
704,2018-05-03 19:49:49.418,OUT,night
705,2018-05-03 19:49:51.822,IN,night
706,2018-05-03 19:49:52.724,OUT,night
707,2018-05-03 19:49:55.726,IN,night
708,2018-05-03 19:49:56.930,OUT,night
709,2018-05-03 19:49:59.330,IN,night
710,2018-05-03 19:50:01.432,OUT,night
711,2018-05-03 19:50:02.333,IN,night
712,2018-05-03 19:50:05.036,OUT,night
713,2018-05-03 19:50:05.937,IN,night
714,2018-05-03 19:50:07.739,OUT,night
715,2018-05-03 19:50:10.746,IN,night
716,2018-05-03 19:50:15.550,IN,night
717,2018-05-03 19:50:20.355,OUT,night
718,2018-05-03 19:50:21.555,IN,night
719,2018-05-03 19:50:23.357,OUT,night
720,2018-05-03 19:50:26.060,IN,night
721,2018-05-03 19:50:27.261,OUT,night
722,2018-05-03 19:50:29.665,IN,night
723,2018-05-03 19:50:31.467,OUT,night
724,2018-05-03 19:50:32.069,IN,night
725,2018-05-03 19:50:33.269,OUT,night
726,2018-05-03 19:50:33.568,IN,night
727,2018-05-03 19:50:35.072,OUT,night
728,2018-05-03 19:50:36.874,IN,night
729,2018-05-03 19:50:38.676,OUT,night
730,2018-05-03 19:50:45.582,IN,night
731,2018-05-03 19:50:47.384,OUT,night
732,2018-05-03 19:50:49.186,IN,night
733,2018-05-03 19:50:50.689,OUT,night
734,2018-05-03 19:50:52.492,IN,night
735,2018-05-03 19:50:54.294,OUT,night
736,2018-05-03 19:50:55.793,IN,night
737,2018-05-03 19:50:57.296,OUT,night
738,2018-05-03 19:50:59.397,IN,night
739,2018-05-03 19:51:00.602,OUT,night
740,2018-05-03 19:51:03.305,IN,night
741,2018-05-03 19:51:04.206,OUT,night
742,2018-05-03 19:51:06.606,IN,night
743,2018-05-03 19:51:08.409,OUT,night
744,2018-05-03 19:51:09.912,IN,night
745,2018-05-03 19:51:11.714,OUT,night
746,2018-05-03 19:51:13.815,IN,night
747,2018-05-03 19:51:15.318,OUT,night
748,2018-05-03 19:51:17.121,IN,night
749,2018-05-03 19:51:18.321,OUT,night
750,2018-05-03 19:51:21.323,IN,night
751,2018-05-03 19:51:22.224,OUT,night
752,2018-05-03 19:51:24.628,IN,night
753,2018-05-03 19:51:25.829,OUT,night
754,2018-05-03 19:51:27.930,IN,night
755,2018-05-03 19:51:29.732,OUT,night
756,2018-05-03 19:51:30.334,IN,night
757,2018-05-03 19:51:33.337,OUT,night
758,2018-05-03 19:51:34.238,IN,night
759,2018-05-03 19:51:36.642,OUT,night
760,2018-05-03 19:51:39.042,IN,night
761,2018-05-03 19:51:39.943,OUT,night
762,2018-05-03 19:51:42.950,IN,night
763,2018-05-03 19:51:43.851,OUT,night
764,2018-05-03 19:51:46.251,IN,night
765,2018-05-03 19:51:47.152,OUT,night
766,2018-05-03 19:51:49.253,IN,night
767,2018-05-03 19:51:51.056,OUT,night
768,2018-05-03 19:51:52.559,IN,night
769,2018-05-03 19:51:54.062,OUT,night
770,2018-05-03 19:51:55.864,IN,night
771,2018-05-03 19:51:57.667,OUT,night
772,2018-05-03 19:52:02.770,IN,night
773,2018-05-03 19:52:03.671,OUT,night
774,2018-05-03 19:52:05.772,IN,night
775,2018-05-03 19:52:07.276,OUT,night
776,2018-05-03 19:52:08.779,IN,night
777,2018-05-03 19:52:10.581,OUT,night
778,2018-05-03 19:52:11.179,IN,night
779,2018-05-03 19:52:13.882,OUT,night
780,2018-05-03 19:52:15.984,IN,night
781,2018-05-03 19:52:16.885,OUT,night
782,2018-05-03 19:52:23.192,IN,night
783,2018-05-03 19:52:25.298,OUT,night
784,2018-05-03 19:52:26.498,IN,night
785,2018-05-03 19:52:28.599,OUT,night
786,2018-05-03 19:52:31.004,IN,night
787,2018-05-03 19:52:31.905,OUT,night
788,2018-05-03 19:52:37.008,IN,night
789,2018-05-03 19:52:38.810,OUT,night
790,2018-05-03 19:52:41.813,OUT,night
791,2018-05-03 19:52:47.219,IN,night
792,2018-05-03 19:52:48.723,OUT,night
793,2018-05-03 19:52:50.525,IN,night
794,2018-05-03 19:52:52.028,OUT,night
795,2018-05-03 19:52:53.826,IN,night
796,2018-05-03 19:52:55.329,OUT,night
797,2018-05-03 19:53:00.437,IN,night
798,2018-05-03 19:53:01.338,OUT,night
799,2018-05-03 19:53:02.837,IN,night
