datetime,bpm,period
2018-05-03 06:14:29.968,93,morning
2018-05-03 06:14:30.967,93,morning
2018-05-03 06:14:30.969,90,morning
2018-05-03 06:14:30.970,90,morning
2018-05-03 06:14:31.471,93,morning
2018-05-03 06:14:31.770,93,morning
2018-05-03 06:14:32.073,95,morning
2018-05-03 06:14:32.372,99,morning
2018-05-03 06:14:32.671,99,morning
2018-05-03 06:14:46.790,91,morning
2018-05-03 06:14:47.089,91,morning
2018-05-03 06:14:47.691,91,morning
2018-05-03 06:14:47.990,80,morning
2018-05-03 06:14:48.293,80,morning
2018-05-03 06:14:48.592,80,morning
2018-05-03 06:14:48.891,8,morning
2018-05-03 06:14:49.194,80,morning
2018-05-03 06:14:49.494,80,morning
2018-05-03 06:14:49.797,80,morning
2018-05-03 06:14:50.096,80,morning
2018-05-03 06:14:50.395,80,morning
2018-05-03 06:14:50.698,80,morning
2018-05-03 06:14:50.997,80,morning
2018-05-03 06:14:51.599,96,morning
2018-05-03 06:14:51.898,96,morning
2018-05-03 06:14:59.709,94,morning
2018-05-03 06:15:00.008,92,morning
2018-05-03 06:15:00.610,92,morning
2018-05-03 06:15:00.909,93,morning
2018-05-03 06:15:01.212,93,morning
2018-05-03 06:15:01.511,93,morning
2018-05-03 06:15:01.810,8,morning
2018-05-03 06:15:02.113,88,morning
2018-05-03 06:15:02.412,88,morning
2018-05-03 06:15:02.715,88,morning
2018-05-03 06:15:03.014,88,morning
2018-05-03 06:15:03.313,88,morning
2018-05-03 06:15:03.616,88,morning
2018-05-03 06:15:03.915,88,morning
2018-05-03 06:15:04.517,88,morning
2018-05-03 06:15:14.430,99,morning
2018-05-03 06:15:45.661,75,morning
2018-05-03 06:15:45.964,75,morning
2018-05-03 06:15:46.263,78,morning
2018-05-03 06:15:46.865,90,morning
2018-05-03 06:15:47.164,97,morning
2018-05-03 06:15:57.376,96,morning
2018-05-03 06:15:57.679,96,morning
2018-05-03 06:15:57.978,96,morning
2018-05-03 06:15:58.580,89,morning
2018-05-03 06:15:58.879,89,morning
2018-05-03 06:15:59.182,89,morning
2018-05-03 06:15:59.481,89,morning
2018-05-03 06:15:59.780,8,morning
2018-05-03 06:16:00.083,76,morning
2018-05-03 06:16:00.382,76,morning
2018-05-03 06:16:00.685,76,morning
2018-05-03 06:16:00.984,76,morning
2018-05-03 06:16:01.283,76,morning
2018-05-03 06:16:01.586,76,morning
2018-05-03 06:16:01.885,76,morning
2018-05-03 06:16:02.487,76,morning
2018-05-03 06:16:02.786,76,morning
2018-05-03 06:16:03.089,76,morning
2018-05-03 06:16:03.389,76,morning
2018-05-03 06:16:03.687,76,morning
2018-05-03 06:16:03.991,76,morning
2018-05-03 06:16:04.290,82,morning
2018-05-03 06:16:04.892,86,morning
2018-05-03 06:16:05.191,92,morning
2018-05-03 06:16:05.494,97,morning
2018-05-03 06:16:43.934,96,morning
2018-05-03 06:16:44.237,96,morning
2018-05-03 06:16:44.536,96,morning
2018-05-03 06:16:45.138,96,morning
2018-05-03 06:16:45.438,96,morning
2018-05-03 06:16:45.741,96,morning
2018-05-03 06:16:46.040,96,morning
2018-05-03 06:16:46.339,96,morning
2018-05-03 06:16:46.642,96,morning
2018-05-03 06:16:46.941,96,morning
2018-05-03 06:16:47.543,96,morning
2018-05-03 06:16:47.842,96,morning
2018-05-03 06:16:48.145,96,morning
2018-05-03 06:16:48.444,96,morning
2018-05-03 06:16:48.743,9,morning
2018-05-03 06:16:50.545,6,morning
2018-05-03 06:16:50.848,70,morning
2018-05-03 06:16:51.147,78,morning
2018-05-03 06:16:51.450,87,morning
2018-05-03 06:16:51.749,87,morning
2018-05-03 06:16:52.048,94,morning
2018-05-03 06:17:21.785,99,morning
2018-05-03 06:17:22.084,99,morning
2018-05-03 06:17:22.383,9,morning
2018-05-03 06:17:22.686,97,morning
2018-05-03 06:17:22.985,97,morning
2018-05-03 06:17:31.697,96,morning
2018-05-03 06:17:31.996,96,morning
2018-05-03 06:17:32.598,96,morning
2018-05-03 06:18:02.630,97,morning
2018-05-03 06:18:02.933,97,morning
2018-05-03 06:18:03.232,92,morning
2018-05-03 06:18:03.834,88,morning
2018-05-03 06:18:04.133,88,morning
2018-05-03 06:18:04.436,84,morning
2018-05-03 06:18:04.735,84,morning
2018-05-03 06:18:05.034,80,morning
2018-05-03 06:18:05.337,80,morning
2018-05-03 06:18:05.636,77,morning
2018-05-03 06:18:06.238,87,morning
2018-05-03 06:18:06.537,94,morning
2018-05-03 06:18:12.845,99,morning
2018-05-03 06:18:13.447,98,morning
2018-05-03 06:18:13.746,98,morning
2018-05-03 06:18:14.049,98,morning
2018-05-03 06:18:14.348,98,morning
2018-05-03 06:18:14.647,9,morning
2018-05-03 06:18:14.950,96,morning
2018-05-03 06:18:15.249,96,morning
2018-05-03 06:18:15.552,96,morning
2018-05-03 06:18:15.851,94,morning
2018-05-03 06:18:16.150,94,morning
2018-05-03 06:18:16.454,95,morning
2018-05-03 06:18:16.753,95,morning
2018-05-03 06:18:17.355,94,morning
2018-05-03 06:18:17.654,94,morning
2018-05-03 06:18:17.957,98,morning
2018-05-03 06:19:28.534,97,morning
2018-05-03 06:19:28.833,97,morning
2018-05-03 06:19:29.136,97,morning
2018-05-03 06:19:29.435,85,morning
2018-05-03 06:19:30.037,85,morning
2018-05-03 06:19:30.336,85,morning
2018-05-03 06:19:30.639,77,morning
2018-05-03 06:19:30.938,77,morning
2018-05-03 06:19:31.541,72,morning
2018-05-03 06:19:31.840,72,morning
2018-05-03 06:19:32.143,70,morning
2018-05-03 06:19:32.442,71,morning
2018-05-03 06:19:32.741,71,morning
2018-05-03 06:19:33.044,71,morning
2018-05-03 06:19:33.343,71,morning
2018-05-03 06:19:33.945,71,morning
2018-05-03 06:19:34.244,70,morning
2018-05-03 06:19:34.547,72,morning
2018-05-03 06:19:34.846,78,morning
2018-05-03 06:19:35.448,78,morning
2018-05-03 06:19:35.747,82,morning
2018-05-03 06:19:36.050,82,morning
2018-05-03 06:19:36.349,86,morning
2018-05-03 06:19:36.648,86,morning
2018-05-03 06:19:36.951,86,morning
2018-05-03 06:19:37.250,91,morning
2018-05-03 06:19:37.852,94,morning
2018-05-03 06:19:38.151,94,morning
2018-05-03 06:19:38.455,94,morning
2018-05-03 06:19:38.754,94,morning
2018-05-03 06:19:39.053,90,morning
2018-05-03 06:19:39.356,90,morning
2018-05-03 06:19:39.655,92,morning
2018-05-03 06:19:40.257,96,morning
2018-05-03 09:08:05.097,106,after breakfast
2018-05-03 09:08:05.400,107,after breakfast
2018-05-03 09:08:05.699,107,after breakfast
2018-05-03 09:08:06.002,108,after breakfast
2018-05-03 09:08:33.932,98,after breakfast
2018-05-03 09:08:34.231,98,after breakfast
2018-05-03 09:08:34.535,97,after breakfast
2018-05-03 09:08:34.833,97,after breakfast
2018-05-03 09:08:35.436,98,after breakfast
2018-05-03 09:08:35.735,98,after breakfast
2018-05-03 09:08:36.038,98,after breakfast
2018-05-03 09:08:36.337,99,after breakfast
2018-05-03 09:08:36.636,104,after breakfast
2018-05-03 09:08:45.348,107,after breakfast
2018-05-03 09:08:45.647,107,after breakfast
2018-05-03 09:08:45.950,107,after breakfast
2018-05-03 09:08:46.249,107,after breakfast
2018-05-03 09:08:46.851,108,after breakfast
2018-05-03 09:08:47.150,108,after breakfast
2018-05-03 09:08:47.453,108,after breakfast
2018-05-03 09:08:47.752,106,after breakfast
2018-05-03 09:08:48.051,1,after breakfast
2018-05-03 09:08:48.354,105,after breakfast
2018-05-03 09:08:48.653,105,after breakfast
2018-05-03 09:08:48.956,101,after breakfast
2018-05-03 09:08:49.255,105,after breakfast
2018-05-03 09:08:49.554,10,after breakfast
2018-05-03 09:08:49.858,105,after breakfast
2018-05-03 09:08:50.156,105,after breakfast
2018-05-03 09:08:50.460,106,after breakfast
2018-05-03 09:08:50.759,106,after breakfast
2018-05-03 09:08:51.058,104,after breakfast
2018-05-03 09:08:51.361,104,after breakfast
2018-05-03 09:08:51.660,104,after breakfast
2018-05-03 09:08:51.963,101,after breakfast
2018-05-03 09:08:52.262,101,after breakfast
2018-05-03 09:08:52.561,99,after breakfast
2018-05-03 09:08:52.864,99,after breakfast
2018-05-03 09:08:53.163,98,after breakfast
2018-05-03 09:08:53.765,97,after breakfast
2018-05-03 09:08:54.064,97,after breakfast
2018-05-03 09:08:54.367,96,after breakfast
2018-05-03 09:08:54.666,96,after breakfast
2018-05-03 09:08:55.268,95,after breakfast
2018-05-03 09:08:55.567,95,after breakfast
2018-05-03 09:08:55.870,94,after breakfast
2018-05-03 09:08:56.169,93,after breakfast
2018-05-03 09:08:56.468,93,after breakfast
2018-05-03 09:08:56.771,97,after breakfast
2018-05-03 09:08:57.071,102,after breakfast
2018-05-03 09:08:57.673,101,after breakfast
2018-05-03 09:08:57.972,101,after breakfast
2018-05-03 09:08:58.275,101,after breakfast
2018-05-03 09:08:58.574,100,after breakfast
2018-05-03 09:08:59.176,100,after breakfast
2018-05-03 09:08:59.475,100,after breakfast
2018-05-03 09:08:59.778,100,after breakfast
2018-05-03 09:09:00.077,98,after breakfast
2018-05-03 09:09:00.679,98,after breakfast
2018-05-03 09:09:00.978,98,after breakfast
2018-05-03 09:09:01.281,96,after breakfast
2018-05-03 09:09:01.580,96,after breakfast
2018-05-03 09:09:01.879,96,after breakfast
2018-05-03 09:09:02.182,96,after breakfast
2018-05-03 09:09:02.481,96,after breakfast
2018-05-03 09:09:03.083,92,after breakfast
2018-05-03 09:09:03.382,92,after breakfast
2018-05-03 09:09:03.685,89,after breakfast
2018-05-03 09:09:03.984,89,after breakfast
2018-05-03 09:09:04.587,92,after breakfast
2018-05-03 09:09:04.885,94,after breakfast
2018-05-03 09:09:05.189,94,after breakfast
2018-05-03 09:09:05.488,96,after breakfast
2018-05-03 09:09:05.787,96,after breakfast
2018-05-03 09:09:06.090,99,after breakfast
2018-05-03 09:09:06.389,99,after breakfast
2018-05-03 09:09:06.692,99,after breakfast
2018-05-03 09:09:06.991,99,after breakfast
2018-05-03 09:09:07.290,98,after breakfast
2018-05-03 09:09:07.593,98,after breakfast
2018-05-03 09:09:07.892,98,after breakfast
2018-05-03 09:09:08.494,98,after breakfast
2018-05-03 09:09:08.793,95,after breakfast
2018-05-03 09:09:09.096,95,after breakfast
2018-05-03 09:09:09.395,94,after breakfast
2018-05-03 09:09:09.694,94,after breakfast
2018-05-03 09:09:09.997,95,after breakfast
2018-05-03 09:09:10.296,95,after breakfast
2018-05-03 09:09:10.898,94,after breakfast
2018-05-03 09:09:11.197,93,after breakfast
2018-05-03 09:09:11.500,97,after breakfast
2018-05-03 09:09:11.799,102,after breakfast
2018-05-03 09:09:12.402,106,after breakfast
2018-05-03 09:09:12.701,106,after breakfast
2018-05-03 09:09:13.004,109,after breakfast
2018-05-03 09:09:23.515,109,after breakfast
2018-05-03 09:09:24.116,102,after breakfast
2018-05-03 09:09:24.415,102,after breakfast
2018-05-03 09:09:24.718,101,after breakfast
2018-05-03 09:09:25.017,101,after breakfast
2018-05-03 09:09:25.619,101,after breakfast
2018-05-03 09:09:25.918,100,after breakfast
2018-05-03 09:09:26.221,100,after breakfast
2018-05-03 09:09:26.520,99,after breakfast
2018-05-03 09:09:27.123,99,after breakfast
2018-05-03 09:09:27.421,99,after breakfast
2018-05-03 09:09:27.725,99,after breakfast
2018-05-03 09:09:28.024,99,after breakfast
2018-05-03 09:09:28.322,99,after breakfast
2018-05-03 09:09:28.626,99,after breakfast
2018-05-03 09:09:28.925,99,after breakfast
2018-05-03 09:09:29.527,99,after breakfast
2018-05-03 09:09:29.826,99,after breakfast
2018-05-03 09:09:30.129,99,after breakfast
2018-05-03 09:09:30.428,99,after breakfast
2018-05-03 09:09:31.030,109,after breakfast
2018-05-03 09:09:31.329,109,after breakfast
2018-05-03 09:09:34.335,103,after breakfast
2018-05-03 09:09:34.634,103,after breakfast
2018-05-03 09:09:34.933,9,after breakfast
2018-05-03 09:09:35.237,99,after breakfast
2018-05-03 09:09:35.536,100,after breakfast
2018-05-03 09:09:35.839,100,after breakfast
2018-05-03 09:09:36.138,100,after breakfast
2018-05-03 09:09:36.437,104,after breakfast
2018-05-03 09:09:37.039,106,after breakfast
2018-05-03 09:09:37.641,109,after breakfast
2018-05-03 09:09:37.940,109,after breakfast
2018-05-03 09:09:43.048,108,after breakfast
2018-05-03 09:09:43.347,108,after breakfast
2018-05-03 09:09:43.650,100,after breakfast
2018-05-03 09:09:43.949,100,after breakfast
2018-05-03 09:09:44.551,98,after breakfast
2018-05-03 09:09:44.850,97,after breakfast
2018-05-03 09:09:45.153,97,after breakfast
2018-05-03 09:09:45.452,97,after breakfast
2018-05-03 09:09:45.751,96,after breakfast
2018-05-03 09:09:46.054,96,after breakfast
2018-05-03 09:09:46.353,94,after breakfast
2018-05-03 09:09:46.955,94,after breakfast
2018-05-03 09:09:47.254,98,after breakfast
2018-05-03 09:09:47.557,105,after breakfast
2018-05-03 09:09:47.856,105,after breakfast
2018-05-03 09:09:48.155,1,after breakfast
2018-05-03 09:09:48.458,108,after breakfast
2018-05-03 09:09:48.757,108,after breakfast
2018-05-03 09:09:54.766,109,after breakfast
2018-05-03 09:09:55.065,109,after breakfast
2018-05-03 09:09:55.368,107,after breakfast
2018-05-03 09:09:55.667,107,after breakfast
2018-05-03 09:09:55.966,10,after breakfast
2018-05-03 09:09:56.269,105,after breakfast
2018-05-03 09:09:56.568,101,after breakfast
2018-05-03 09:09:56.871,100,after breakfast
2018-05-03 09:09:57.170,103,after breakfast
2018-05-03 09:09:57.469,103,after breakfast
2018-05-03 09:09:57.772,103,after breakfast
2018-05-03 09:09:58.071,103,after breakfast
2018-05-03 09:09:58.375,104,after breakfast
2018-05-03 09:09:58.674,104,after breakfast
2018-05-03 09:09:58.972,106,after breakfast
2018-05-03 09:09:59.276,106,after breakfast
2018-05-03 09:09:59.575,109,after breakfast
2018-05-03 09:10:02.278,109,after breakfast
2018-05-03 09:10:02.581,108,after breakfast
2018-05-03 09:10:05.583,109,after breakfast
2018-05-03 09:10:05.882,109,after breakfast
2018-05-03 09:10:06.185,108,after breakfast
2018-05-03 09:10:06.485,108,after breakfast
2018-05-03 09:10:07.087,106,after breakfast
2018-05-03 09:10:07.386,106,after breakfast
2018-05-03 09:10:07.689,106,after breakfast
2018-05-03 09:10:07.988,104,after breakfast
2018-05-03 09:10:08.590,100,after breakfast
2018-05-03 09:10:08.889,100,after breakfast
2018-05-03 09:10:09.192,94,after breakfast
2018-05-03 09:10:09.491,94,after breakfast
2018-05-03 09:10:09.790,9,after breakfast
2018-05-03 09:10:10.093,99,after breakfast
2018-05-03 09:10:10.392,99,after breakfast
2018-05-03 09:10:10.994,98,after breakfast
2018-05-03 09:10:11.293,98,after breakfast
2018-05-03 09:10:11.596,99,after breakfast
2018-05-03 09:10:11.895,99,after breakfast
2018-05-03 09:10:12.497,100,after breakfast
2018-05-03 09:10:12.796,102,after breakfast
2018-05-03 09:10:13.099,102,after breakfast
2018-05-03 09:10:13.399,102,after breakfast
2018-05-03 09:10:14.001,102,after breakfast
2018-05-03 09:10:14.300,102,after breakfast
2018-05-03 09:10:14.603,101,after breakfast
2018-05-03 09:10:14.902,101,after breakfast
2018-05-03 09:10:15.201,1,after breakfast
2018-05-03 09:10:15.504,97,after breakfast
2018-05-03 09:10:15.803,97,after breakfast
2018-05-03 09:10:16.106,97,after breakfast
2018-05-03 09:10:16.405,93,after breakfast
2018-05-03 09:10:16.704,93,after breakfast
2018-05-03 09:10:17.007,88,after breakfast
2018-05-03 09:10:17.306,88,after breakfast
2018-05-03 09:10:17.908,89,after breakfast
2018-05-03 09:10:18.207,89,after breakfast
2018-05-03 09:10:18.510,87,after breakfast
2018-05-03 09:10:18.809,87,after breakfast
2018-05-03 09:10:19.108,8,after breakfast
2018-05-03 09:10:19.411,86,after breakfast
2018-05-03 09:10:19.710,85,after breakfast
2018-05-03 09:10:20.013,85,after breakfast
2018-05-03 09:10:20.312,85,after breakfast
2018-05-03 09:10:20.611,85,after breakfast
2018-05-03 09:10:20.915,85,after breakfast
2018-05-03 09:10:21.214,85,after breakfast
2018-05-03 09:10:21.816,86,after breakfast
2018-05-03 09:10:22.115,90,after breakfast
2018-05-03 09:10:22.418,90,after breakfast
2018-05-03 09:10:22.717,93,after breakfast
2018-05-03 09:10:23.016,93,after breakfast
2018-05-03 09:10:23.319,94,after breakfast
2018-05-03 09:10:23.618,94,after breakfast
2018-05-03 09:10:23.921,96,after breakfast
2018-05-03 09:10:24.220,96,after breakfast
2018-05-03 09:10:24.519,98,after breakfast
2018-05-03 09:10:24.822,98,after breakfast
2018-05-03 09:10:25.121,100,after breakfast
2018-05-03 09:10:25.723,101,after breakfast
2018-05-03 09:10:26.022,106,after breakfast
2018-05-03 09:10:32.031,106,after breakfast
2018-05-03 09:10:32.330,106,after breakfast
2018-05-03 09:10:32.633,105,after breakfast
2018-05-03 09:10:32.932,103,after breakfast
2018-05-03 09:10:33.534,109,after breakfast
2018-05-03 09:10:35.938,108,after breakfast
2018-05-03 09:10:36.238,108,after breakfast
2018-05-03 09:10:38.040,109,after breakfast
2018-05-03 09:10:38.339,109,after breakfast
2018-05-03 09:10:38.642,108,after breakfast
2018-05-03 09:10:38.941,108,after breakfast
2018-05-03 09:10:39.244,102,after breakfast
2018-05-03 09:10:39.543,102,after breakfast
2018-05-03 09:10:39.842,102,after breakfast
2018-05-03 09:10:40.145,94,after breakfast
2018-05-03 09:10:40.444,94,after breakfast
2018-05-03 09:10:41.046,93,after breakfast
2018-05-03 09:10:41.345,92,after breakfast
2018-05-03 09:10:41.648,92,after breakfast
2018-05-03 09:10:41.947,91,after breakfast
2018-05-03 09:10:42.549,90,after breakfast
2018-05-03 09:10:42.848,90,after breakfast
2018-05-03 09:10:43.151,89,after breakfast
2018-05-03 09:10:43.450,89,after breakfast
2018-05-03 09:10:43.749,90,after breakfast
2018-05-03 09:10:44.053,90,after breakfast
2018-05-03 09:10:44.352,90,after breakfast
2018-05-03 09:10:44.954,93,after breakfast
2018-05-03 09:10:45.253,93,after breakfast
2018-05-03 09:10:45.556,94,after breakfast
2018-05-03 09:10:45.855,94,after breakfast
2018-05-03 09:10:46.457,95,after breakfast
2018-05-03 09:10:46.756,95,after breakfast
2018-05-03 09:10:47.059,96,after breakfast
2018-05-03 09:10:47.358,96,after breakfast
2018-05-03 09:10:47.657,97,after breakfast
2018-05-03 09:10:47.960,97,after breakfast
2018-05-03 09:10:48.259,96,after breakfast
2018-05-03 09:10:48.861,96,after breakfast
2018-05-03 09:10:49.160,96,after breakfast
2018-05-03 09:10:49.463,96,after breakfast
2018-05-03 09:10:49.762,96,after breakfast
2018-05-03 09:10:50.364,96,after breakfast
2018-05-03 09:10:50.663,96,after breakfast
2018-05-03 09:10:50.967,96,after breakfast
2018-05-03 09:10:51.266,96,after breakfast
2018-05-03 09:10:51.565,96,after breakfast
2018-05-03 09:10:51.868,96,after breakfast
2018-05-03 09:10:52.167,96,after breakfast
2018-05-03 09:10:52.769,96,after breakfast
2018-05-03 09:10:53.068,97,after breakfast
2018-05-03 09:10:53.371,97,after breakfast
2018-05-03 09:10:53.670,97,after breakfast
2018-05-03 09:10:53.969,97,after breakfast
2018-05-03 09:10:54.272,98,after breakfast
2018-05-03 09:10:54.571,98,after breakfast
2018-05-03 09:10:54.874,97,after breakfast
2018-05-03 09:10:55.173,97,after breakfast
2018-05-03 09:10:55.472,97,after breakfast
2018-05-03 09:10:55.775,97,after breakfast
2018-05-03 09:10:56.074,97,after breakfast
2018-05-03 09:10:56.676,98,after breakfast
2018-05-03 09:10:56.975,97,after breakfast
2018-05-03 09:10:57.278,101,after breakfast
2018-05-03 09:10:57.577,107,after breakfast
2018-05-03 09:10:58.179,107,after breakfast
2018-05-03 09:10:58.478,107,after breakfast
2018-05-03 09:10:58.782,108,after breakfast
2018-05-03 09:10:59.081,108,after breakfast
2018-05-03 09:10:59.380,1,after breakfast
2018-05-03 09:10:59.683,107,after breakfast
2018-05-03 09:10:59.982,107,after breakfast
2018-05-03 09:11:00.285,107,after breakfast
2018-05-03 09:11:02.685,108,after breakfast
2018-05-03 09:11:02.988,108,after breakfast
2018-05-03 09:11:03.287,103,after breakfast
2018-05-03 09:11:03.889,104,after breakfast
2018-05-03 09:11:04.188,104,after breakfast
2018-05-03 09:11:04.491,105,after breakfast
2018-05-03 09:11:04.790,105,after breakfast
2018-05-03 09:11:05.392,105,after breakfast
2018-05-03 09:11:05.692,105,after breakfast
2018-05-03 09:11:18.909,108,after breakfast
2018-05-03 09:11:19.208,108,after breakfast
2018-05-03 09:11:19.810,104,after breakfast
2018-05-03 09:11:28.219,108,after breakfast
2018-05-03 09:11:28.821,105,after breakfast
2018-05-03 09:11:29.120,105,after breakfast
2018-05-03 09:11:29.423,108,after breakfast
2018-05-03 09:11:30.325,109,after breakfast
2018-05-03 09:11:30.624,109,after breakfast
2018-05-03 09:11:31.226,106,after breakfast
2018-05-03 09:11:31.525,101,after breakfast
2018-05-03 09:11:31.828,101,after breakfast
2018-05-03 09:11:32.127,95,after breakfast
2018-05-03 09:11:32.729,98,after breakfast
2018-05-03 09:11:33.028,98,after breakfast
2018-05-03 09:11:33.331,102,after breakfast
2018-05-03 09:11:42.039,109,after breakfast
2018-05-03 09:11:50.448,106,after breakfast
2018-05-03 09:11:50.751,106,after breakfast
2018-05-03 09:11:51.050,103,after breakfast
2018-05-03 09:11:51.652,102,after breakfast
2018-05-03 09:11:51.951,102,after breakfast
2018-05-03 09:11:52.254,97,after breakfast
2018-05-03 09:11:52.553,97,after breakfast
2018-05-03 09:11:52.852,10,after breakfast
2018-05-03 09:11:53.155,100,after breakfast
2018-05-03 09:11:53.454,101,after breakfast
2018-05-03 09:11:53.757,101,after breakfast
2018-05-03 09:11:54.056,105,after breakfast
2018-05-03 09:11:54.355,105,after breakfast
2018-05-03 09:11:54.659,108,after breakfast
2018-05-03 09:11:54.958,108,after breakfast
2018-05-03 09:12:03.969,107,after breakfast
2018-05-03 09:12:22.589,108,after breakfast
2018-05-03 09:12:23.191,101,after breakfast
2018-05-03 09:12:23.490,101,after breakfast
2018-05-03 09:12:23.793,94,after breakfast
2018-05-03 09:12:24.092,94,after breakfast
2018-05-03 09:12:24.694,93,after breakfast
2018-05-03 09:12:24.993,93,after breakfast
2018-05-03 09:12:25.296,93,after breakfast
2018-05-03 09:12:25.595,94,after breakfast
2018-05-03 09:12:25.894,97,after breakfast
2018-05-03 09:12:26.197,102,after breakfast
2018-05-03 09:12:26.496,102,after breakfast
2018-05-03 09:12:27.098,108,after breakfast
2018-05-03 09:12:27.397,108,after breakfast
2018-05-03 09:12:41.213,107,after breakfast
2018-05-03 09:12:41.516,107,after breakfast
2018-05-03 09:12:41.815,102,after breakfast
2018-05-03 09:12:42.417,101,after breakfast
2018-05-03 09:12:42.716,101,after breakfast
2018-05-03 09:12:43.019,100,after breakfast
2018-05-03 09:12:43.318,100,after breakfast
2018-05-03 09:12:43.617,9,after breakfast
2018-05-03 09:12:43.921,94,after breakfast
2018-05-03 09:12:44.220,99,after breakfast
2018-05-03 09:12:44.822,99,after breakfast
2018-05-03 09:12:45.121,99,after breakfast
2018-05-03 09:12:45.424,102,after breakfast
2018-05-03 09:12:45.723,102,after breakfast
2018-05-03 09:12:46.325,107,after breakfast
2018-05-03 09:12:51.731,109,after breakfast
2018-05-03 09:12:52.030,108,after breakfast
2018-05-03 09:12:52.334,108,after breakfast
2018-05-03 09:12:52.633,108,after breakfast
2018-05-03 09:12:52.932,1,after breakfast
2018-05-03 09:12:53.235,109,after breakfast
2018-05-03 09:12:53.534,109,after breakfast
2018-05-03 09:12:53.837,104,after breakfast
2018-05-03 09:12:54.136,104,after breakfast
2018-05-03 09:12:54.435,99,after breakfast
2018-05-03 09:12:54.738,103,after breakfast
2018-05-03 09:12:55.037,109,after breakfast
2018-05-03 09:12:55.340,109,after breakfast
2018-05-03 09:13:01.947,104,after breakfast
2018-05-03 09:13:02.246,97,after breakfast
2018-05-03 09:13:02.549,97,after breakfast
2018-05-03 09:13:02.848,94,after breakfast
2018-05-03 09:13:03.450,94,after breakfast
2018-05-03 09:13:03.749,92,after breakfast
2018-05-03 09:13:04.052,92,after breakfast
2018-05-03 09:13:04.351,91,after breakfast
2018-05-03 09:13:04.650,91,after breakfast
2018-05-03 09:13:04.953,91,after breakfast
2018-05-03 09:13:05.252,91,after breakfast
2018-05-03 09:13:05.854,92,after breakfast
2018-05-03 09:13:06.153,92,after breakfast
2018-05-03 09:13:06.456,105,after breakfast
2018-05-03 09:13:06.755,105,after breakfast
2018-05-03 09:13:07.054,10,after breakfast
2018-05-03 09:13:07.358,108,after breakfast
2018-05-03 09:13:14.263,106,after breakfast
2018-05-03 09:13:14.566,106,after breakfast
2018-05-03 09:13:14.865,103,after breakfast
2018-05-03 09:13:15.169,103,after breakfast
2018-05-03 09:13:15.468,102,after breakfast
2018-05-03 09:13:15.767,102,after breakfast
2018-05-03 09:13:16.070,101,after breakfast
2018-05-03 09:13:16.369,105,after breakfast
2018-05-03 09:13:17.270,109,after breakfast
2018-05-03 09:13:17.573,109,after breakfast
2018-05-03 09:13:25.380,108,after breakfast
2018-05-03 09:13:25.982,106,after breakfast
2018-05-03 09:13:26.281,106,after breakfast
2018-05-03 09:13:26.584,104,after breakfast
2018-05-03 09:13:26.883,107,after breakfast
2018-05-03 09:13:36.795,105,after breakfast
2018-05-03 09:13:37.094,105,after breakfast
2018-05-03 09:13:37.397,99,after breakfast
2018-05-03 09:13:37.696,99,after breakfast
2018-05-03 09:13:37.995,97,after breakfast
2018-05-03 09:13:38.298,97,after breakfast
2018-05-03 09:13:38.597,91,after breakfast
2018-05-03 09:13:39.199,94,after breakfast
2018-05-03 09:13:39.498,94,after breakfast
2018-05-03 09:13:39.802,93,after breakfast
2018-05-03 09:13:40.101,96,after breakfast
2018-05-03 09:13:40.703,96,after breakfast
2018-05-03 09:13:41.002,94,after breakfast
2018-05-03 09:13:41.305,97,after breakfast
2018-05-03 09:13:41.604,97,after breakfast
2018-05-03 09:13:41.903,101,after breakfast
2018-05-03 09:13:42.206,101,after breakfast
2018-05-03 09:13:42.505,104,after breakfast
2018-05-03 09:13:43.107,106,after breakfast
2018-05-03 09:13:43.406,106,after breakfast
2018-05-03 09:13:43.709,106,after breakfast
2018-05-03 09:13:44.008,106,after breakfast
2018-05-03 09:13:44.311,104,after breakfast
2018-05-03 09:13:44.610,104,after breakfast
2018-05-03 09:13:44.909,104,after breakfast
2018-05-03 09:13:45.212,100,after breakfast
2018-05-03 09:13:45.511,100,after breakfast
2018-05-03 09:13:46.113,96,after breakfast
2018-05-03 09:13:46.412,96,after breakfast
2018-05-03 09:13:46.716,91,after breakfast
2018-05-03 09:13:47.015,91,after breakfast
2018-05-03 09:13:47.617,91,after breakfast
2018-05-03 09:13:47.916,91,after breakfast
2018-05-03 09:13:48.219,87,after breakfast
2018-05-03 09:13:48.518,87,after breakfast
2018-05-03 09:13:48.817,87,after breakfast
2018-05-03 09:13:49.120,84,after breakfast
2018-05-03 09:13:49.419,84,after breakfast
2018-05-03 09:13:50.021,81,after breakfast
2018-05-03 09:13:50.320,81,after breakfast
2018-05-03 09:13:50.623,80,after breakfast
2018-05-03 09:13:50.922,80,after breakfast
2018-05-03 09:13:51.221,79,after breakfast
2018-05-03 09:13:51.524,79,after breakfast
2018-05-03 09:13:51.823,80,after breakfast
2018-05-03 09:13:52.425,82,after breakfast
2018-05-03 09:13:52.724,82,after breakfast
2018-05-03 09:13:53.027,82,after breakfast
2018-05-03 09:13:53.326,83,after breakfast
2018-05-03 09:13:53.625,8,after breakfast
2018-05-03 09:13:53.928,84,after breakfast
2018-05-03 09:13:54.227,84,after breakfast
2018-05-03 09:13:54.531,86,after breakfast
2018-05-03 09:13:54.830,89,after breakfast
2018-05-03 09:13:55.129,89,after breakfast
2018-05-03 09:13:55.432,91,after breakfast
2018-05-03 09:13:55.731,91,after breakfast
2018-05-03 09:13:56.333,93,after breakfast
2018-05-03 09:13:56.632,93,after breakfast
2018-05-03 09:13:56.935,93,after breakfast
2018-05-03 09:13:57.234,93,after breakfast
2018-05-03 09:13:57.533,93,after breakfast
2018-05-03 09:13:57.836,93,after breakfast
2018-05-03 09:13:58.135,93,after breakfast
2018-05-03 09:13:58.737,93,after breakfast
2018-05-03 09:13:59.036,93,after breakfast
2018-05-03 09:13:59.339,93,after breakfast
2018-05-03 09:13:59.638,95,after breakfast
2018-05-03 09:13:59.937,9,after breakfast
2018-05-03 09:14:00.240,95,after breakfast
2018-05-03 09:14:00.539,95,after breakfast
2018-05-03 09:14:00.843,95,after breakfast
2018-05-03 09:14:01.142,96,after breakfast
2018-05-03 09:14:01.441,96,after breakfast
2018-05-03 09:14:01.744,97,after breakfast
2018-05-03 09:14:02.043,97,after breakfast
2018-05-03 09:14:02.645,99,after breakfast
2018-05-03 09:14:02.944,101,after breakfast
2018-05-03 09:14:03.247,101,after breakfast
2018-05-03 09:14:03.546,101,after breakfast
2018-05-03 09:14:03.845,1,after breakfast
2018-05-03 09:14:04.148,101,after breakfast
2018-05-03 09:14:04.447,99,after breakfast
2018-05-03 09:14:04.750,99,after breakfast
2018-05-03 09:14:05.049,97,after breakfast
2018-05-03 09:14:05.348,97,after breakfast
2018-05-03 09:14:05.651,97,after breakfast
2018-05-03 09:14:05.950,94,after breakfast
2018-05-03 09:14:06.552,92,after breakfast
2018-05-03 09:14:06.851,92,after breakfast
2018-05-03 09:14:07.154,92,after breakfast
2018-05-03 09:14:07.453,90,after breakfast
2018-05-03 09:14:07.752,90,after breakfast
2018-05-03 09:14:08.055,88,after breakfast
2018-05-03 09:14:08.354,88,after breakfast
2018-05-03 09:14:08.957,88,after breakfast
2018-05-03 09:14:09.256,93,after breakfast
2018-05-03 09:14:09.559,93,after breakfast
2018-05-03 09:14:09.858,96,after breakfast
2018-05-03 09:14:10.460,99,after breakfast
2018-05-03 09:14:10.759,99,after breakfast
2018-05-03 09:14:11.062,102,after breakfast
2018-05-03 09:14:11.361,102,after breakfast
2018-05-03 09:14:11.660,10,after breakfast
2018-05-03 09:14:11.963,103,after breakfast
2018-05-03 09:14:12.262,103,after breakfast
2018-05-03 09:14:12.565,103,after breakfast
2018-05-03 09:14:12.864,103,after breakfast
2018-05-03 09:14:13.163,105,after breakfast
2018-05-03 09:14:13.466,107,after breakfast
2018-05-03 09:14:13.765,107,after breakfast
2018-05-03 09:14:14.068,108,after breakfast
2018-05-03 09:14:14.367,108,after breakfast
2018-05-03 09:14:14.666,104,after breakfast
2018-05-03 09:14:14.969,104,after breakfast
2018-05-03 09:14:15.268,98,after breakfast
2018-05-03 09:14:15.871,98,after breakfast
2018-05-03 09:14:16.169,101,after breakfast
2018-05-03 09:14:16.473,101,after breakfast
2018-05-03 09:14:16.772,101,after breakfast
2018-05-03 09:14:17.374,99,after breakfast
2018-05-03 09:14:17.673,101,after breakfast
2018-05-03 09:14:17.976,101,after breakfast
2018-05-03 09:14:18.275,103,after breakfast
2018-05-03 09:14:18.574,1,after breakfast
2018-05-03 12:02:24.132,104,before lunch
2018-05-03 12:02:24.133,104,before lunch
2018-05-03 12:02:24.134,103,before lunch
2018-05-03 12:02:24.135,104,before lunch
2018-05-03 12:03:09.046,106,before lunch
2018-05-03 12:03:09.349,106,before lunch
2018-05-03 12:03:09.648,98,before lunch
2018-05-03 12:03:09.947,98,before lunch
2018-05-03 12:03:10.250,98,before lunch
2018-05-03 12:03:10.549,98,before lunch
2018-05-03 12:03:11.151,98,before lunch
2018-05-03 12:03:11.450,98,before lunch
2018-05-03 12:03:11.753,98,before lunch
2018-05-03 12:03:12.052,98,before lunch
2018-05-03 12:03:12.654,72,before lunch
2018-05-03 12:03:12.953,72,before lunch
2018-05-03 12:03:13.256,72,before lunch
2018-05-03 12:03:13.555,72,before lunch
2018-05-03 12:03:13.854,62,before lunch
2018-05-03 12:03:14.157,62,before lunch
2018-05-03 12:03:14.456,62,before lunch
2018-05-03 12:03:15.059,62,before lunch
2018-05-03 12:03:15.358,62,before lunch
2018-05-03 12:03:15.661,62,before lunch
2018-05-03 12:03:15.960,62,before lunch
2018-05-03 12:03:16.259,62,before lunch
2018-05-03 12:03:16.562,62,before lunch
2018-05-03 12:03:16.861,62,before lunch
2018-05-03 12:03:17.463,62,before lunch
2018-05-03 12:03:17.762,75,before lunch
2018-05-03 12:03:18.065,75,before lunch
2018-05-03 12:03:18.364,79,before lunch
2018-05-03 12:03:18.966,79,before lunch
2018-05-03 12:03:19.265,79,before lunch
2018-05-03 12:03:19.568,79,before lunch
2018-05-03 12:03:19.867,79,before lunch
2018-05-03 12:03:20.166,70,before lunch
2018-05-03 12:03:20.469,70,before lunch
2018-05-03 12:03:20.768,70,before lunch
2018-05-03 12:03:21.370,68,before lunch
2018-05-03 12:03:21.669,68,before lunch
2018-05-03 12:03:21.972,68,before lunch
2018-05-03 12:03:22.272,68,before lunch
2018-05-03 12:03:22.570,68,before lunch
2018-05-03 12:03:22.874,68,before lunch
2018-05-03 12:03:23.173,68,before lunch
2018-05-03 12:03:34.887,63,before lunch
2018-05-03 12:03:35.186,71,before lunch
2018-05-03 12:03:35.489,94,before lunch
2018-05-03 12:03:48.101,105,before lunch
2018-05-03 12:03:48.404,101,before lunch
2018-05-03 12:03:48.703,101,before lunch
2018-05-03 12:03:49.305,93,before lunch
2018-05-03 12:03:49.604,90,before lunch
2018-05-03 12:03:49.907,90,before lunch
2018-05-03 12:03:50.206,92,before lunch
2018-05-03 12:03:50.505,9,before lunch
2018-05-03 12:03:50.808,95,before lunch
2018-05-03 12:03:51.107,96,before lunch
2018-05-03 12:03:51.410,96,before lunch
2018-05-03 12:03:51.709,96,before lunch
2018-05-03 12:03:52.008,96,before lunch
2018-05-03 12:03:52.311,100,before lunch
2018-05-03 12:03:52.610,100,before lunch
2018-05-03 12:03:53.212,102,before lunch
2018-05-03 12:03:53.511,102,before lunch
2018-05-03 12:03:53.814,105,before lunch
2018-05-03 12:03:54.113,109,before lunch
2018-05-03 12:03:54.716,109,before lunch
2018-05-03 12:03:55.015,109,before lunch
2018-05-03 12:03:55.318,109,before lunch
2018-05-03 12:03:55.617,109,before lunch
2018-05-03 12:03:55.916,1,before lunch
2018-05-03 12:03:56.219,109,before lunch
2018-05-03 12:03:56.518,109,before lunch
2018-05-03 12:03:56.821,109,before lunch
2018-05-03 12:04:47.877,93,before lunch
2018-05-03 12:04:48.176,104,before lunch
2018-05-03 12:04:48.479,104,before lunch
2018-05-03 12:04:48.778,109,before lunch
2018-05-03 12:06:02.661,63,before lunch
2018-05-03 12:06:02.960,63,before lunch
2018-05-03 12:06:03.263,65,before lunch
2018-05-03 12:06:03.562,65,before lunch
2018-05-03 12:06:04.164,65,before lunch
2018-05-03 12:06:04.463,65,before lunch
2018-05-03 12:06:04.766,68,before lunch
2018-05-03 12:06:05.065,68,before lunch
2018-05-03 12:06:05.667,75,before lunch
2018-05-03 12:06:05.966,75,before lunch
2018-05-03 12:06:06.269,80,before lunch
2018-05-03 12:06:06.568,80,before lunch
2018-05-03 12:06:06.867,85,before lunch
2018-05-03 12:06:07.170,91,before lunch
2018-05-03 12:06:07.469,91,before lunch
2018-05-03 12:06:08.072,98,before lunch
2018-05-03 12:06:08.371,104,before lunch
2018-05-03 12:06:08.674,104,before lunch
2018-05-03 12:06:08.973,102,before lunch
2018-05-03 12:06:10.775,109,before lunch
2018-05-03 12:06:11.377,109,before lunch
2018-05-03 12:06:11.676,109,before lunch
2018-05-03 12:06:11.979,108,before lunch
2018-05-03 12:06:17.984,106,before lunch
2018-05-03 12:06:18.287,106,before lunch
2018-05-03 12:06:18.586,106,before lunch
2018-05-03 12:06:19.188,93,before lunch
2018-05-03 12:06:19.487,93,before lunch
2018-05-03 12:06:19.790,88,before lunch
2018-05-03 12:06:20.089,88,before lunch
2018-05-03 12:06:20.388,85,before lunch
2018-05-03 12:06:20.691,85,before lunch
2018-05-03 12:06:20.990,81,before lunch
2018-05-03 12:06:21.592,79,before lunch
2018-05-03 12:06:21.891,79,before lunch
2018-05-03 12:06:22.194,78,before lunch
2018-05-03 12:06:22.493,78,before lunch
2018-05-03 12:06:22.792,7,before lunch
2018-05-03 12:06:23.095,77,before lunch
2018-05-03 12:06:23.394,78,before lunch
2018-05-03 12:06:23.698,81,before lunch
2018-05-03 12:06:23.997,81,before lunch
2018-05-03 12:06:24.296,93,before lunch
2018-05-03 12:06:24.599,93,before lunch
2018-05-03 12:06:24.898,98,before lunch
2018-05-03 12:06:25.500,104,before lunch
2018-05-03 12:06:25.799,104,before lunch
2018-05-03 12:06:26.102,104,before lunch
2018-05-03 12:06:26.401,103,before lunch
2018-05-03 12:06:26.700,1,before lunch
2018-05-03 12:06:27.003,103,before lunch
2018-05-03 12:06:27.302,103,before lunch
2018-05-03 12:06:27.605,103,before lunch
2018-05-03 12:06:27.904,103,before lunch
2018-05-03 12:06:28.203,10,before lunch
2018-05-03 12:06:28.506,103,before lunch
2018-05-03 12:06:28.805,103,before lunch
2018-05-03 12:06:29.108,103,before lunch
2018-05-03 12:06:29.407,94,before lunch
2018-05-03 12:06:29.706,94,before lunch
2018-05-03 12:06:30.009,89,before lunch
2018-05-03 12:06:30.308,89,before lunch
2018-05-03 12:06:30.911,83,before lunch
2018-05-03 12:06:31.210,85,before lunch
2018-05-03 12:06:31.513,85,before lunch
2018-05-03 12:06:31.812,87,before lunch
2018-05-03 12:06:32.111,87,before lunch
2018-05-03 12:06:32.414,89,before lunch
2018-05-03 12:06:32.713,89,before lunch
2018-05-03 12:06:33.016,90,before lunch
2018-05-03 12:06:33.315,92,before lunch
2018-05-03 12:06:33.614,92,before lunch
2018-05-03 12:06:33.917,92,before lunch
2018-05-03 12:06:34.216,90,before lunch
2018-05-03 12:06:34.818,88,before lunch
2018-05-03 12:06:35.117,88,before lunch
2018-05-03 12:06:35.420,99,before lunch
2018-05-03 12:06:35.719,106,before lunch
2018-05-03 12:06:36.018,106,before lunch
2018-05-03 12:06:36.321,106,before lunch
2018-05-03 12:06:36.620,106,before lunch
2018-05-03 12:06:37.222,106,before lunch
2018-05-03 12:06:37.521,91,before lunch
2018-05-03 12:06:37.825,91,before lunch
2018-05-03 12:06:38.124,91,before lunch
2018-05-03 12:06:38.726,91,before lunch
2018-05-03 12:06:39.025,91,before lunch
2018-05-03 12:06:39.328,91,before lunch
2018-05-03 12:06:39.627,91,before lunch
2018-05-03 12:06:39.926,91,before lunch
2018-05-03 12:06:40.229,91,before lunch
2018-05-03 12:06:40.528,91,before lunch
2018-05-03 12:06:40.831,91,before lunch
2018-05-03 12:06:41.130,91,before lunch
2018-05-03 12:06:41.429,91,before lunch
2018-05-03 12:06:41.732,91,before lunch
2018-05-03 12:06:42.031,91,before lunch
2018-05-03 12:06:42.633,91,before lunch
2018-05-03 12:06:42.932,91,before lunch
2018-05-03 12:06:43.235,91,before lunch
2018-05-03 12:06:43.534,91,before lunch
2018-05-03 12:06:43.833,91,before lunch
2018-05-03 12:06:44.136,91,before lunch
2018-05-03 12:06:44.435,91,before lunch
2018-05-03 12:06:45.037,91,before lunch
2018-05-03 12:06:45.336,91,before lunch
2018-05-03 12:06:45.640,91,before lunch
2018-05-03 12:06:45.939,91,before lunch
2018-05-03 12:08:41.498,70,before lunch
2018-05-03 12:08:54.412,108,before lunch
2018-05-03 12:08:54.711,108,before lunch
2018-05-03 12:08:55.014,108,before lunch
2018-05-03 12:08:55.313,95,before lunch
2018-05-03 12:08:55.915,95,before lunch
2018-05-03 12:08:56.214,95,before lunch
2018-05-03 12:08:56.517,95,before lunch
2018-05-03 12:08:56.816,95,before lunch
2018-05-03 12:08:57.115,9,before lunch
2018-05-03 12:08:57.419,95,before lunch
2018-05-03 12:08:57.718,95,before lunch
2018-05-03 12:08:58.021,95,before lunch
2018-05-03 12:08:58.320,95,before lunch
2018-05-03 12:08:58.619,95,before lunch
2018-05-03 12:09:28.355,91,before lunch
2018-05-03 12:09:28.654,91,before lunch
2018-05-03 12:09:28.953,9,before lunch
2018-05-03 12:09:29.256,101,before lunch
2018-05-03 12:09:29.555,106,before lunch
2018-05-03 12:09:56.286,68,before lunch
2018-05-03 12:09:56.589,68,before lunch
2018-05-03 12:09:56.888,70,before lunch
2018-05-03 12:09:57.187,75,before lunch
2018-05-03 12:09:57.490,82,before lunch
2018-05-03 12:09:57.789,99,before lunch
2018-05-03 12:10:50.348,105,before lunch
2018-05-03 14:56:29.056,62,after lunch
2018-05-03 14:56:29.059,62,after lunch
2018-05-03 14:56:29.060,70,after lunch
2018-05-03 14:56:29.061,62,after lunch
2018-05-03 14:56:29.062,62,after lunch
2018-05-03 14:56:29.063,70,after lunch
2018-05-03 14:56:29.064,70,after lunch
2018-05-03 14:56:29.065,65,after lunch
2018-05-03 14:56:29.066,65,after lunch
2018-05-03 14:56:29.068,62,after lunch
2018-05-03 14:56:29.069,62,after lunch
2018-05-03 14:56:29.070,65,after lunch
2018-05-03 14:56:29.070,62,after lunch
2018-05-03 14:56:30.823,70,after lunch
2018-05-03 14:56:31.122,70,after lunch
2018-05-03 14:56:31.725,70,after lunch
2018-05-03 14:56:32.024,70,after lunch
2018-05-03 14:56:32.327,70,after lunch
2018-05-03 14:56:32.626,65,after lunch
2018-05-03 14:56:32.925,71,after lunch
2018-05-03 14:56:33.228,65,after lunch
2018-05-03 14:56:33.527,65,after lunch
2018-05-03 14:56:34.129,71,after lunch
2018-05-03 14:56:34.428,65,after lunch
2018-05-03 14:56:34.731,70,after lunch
2018-05-03 14:56:35.030,70,after lunch
2018-05-03 14:56:35.329,70,after lunch
2018-05-03 14:56:35.632,71,after lunch
2018-05-03 14:56:35.931,62,after lunch
2018-05-03 14:56:36.533,62,after lunch
2018-05-03 14:56:36.832,62,after lunch
2018-05-03 14:56:37.135,70,after lunch
2018-05-03 14:56:37.434,65,after lunch
2018-05-03 14:56:37.733,70,after lunch
2018-05-03 14:56:38.036,71,after lunch
2018-05-03 14:56:38.335,65,after lunch
2018-05-03 14:56:38.938,65,after lunch
2018-05-03 14:56:39.237,65,after lunch
2018-05-03 14:56:39.540,71,after lunch
2018-05-03 14:56:39.839,62,after lunch
2018-05-03 14:56:40.441,65,after lunch
2018-05-03 14:56:40.740,62,after lunch
2018-05-03 14:56:41.043,71,after lunch
2018-05-03 14:56:41.342,70,after lunch
2018-05-03 14:56:41.641,70,after lunch
2018-05-03 14:56:41.944,65,after lunch
2018-05-03 14:56:42.243,70,after lunch
2018-05-03 14:56:42.845,62,after lunch
2018-05-03 14:56:43.144,65,after lunch
2018-05-03 14:56:43.447,70,after lunch
2018-05-03 14:56:43.746,65,after lunch
2018-05-03 14:56:44.045,71,after lunch
2018-05-03 14:56:44.348,70,after lunch
2018-05-03 14:56:44.647,65,after lunch
2018-05-03 14:56:45.249,70,after lunch
2018-05-03 14:56:45.548,71,after lunch
2018-05-03 14:56:45.852,71,after lunch
2018-05-03 14:56:46.151,70,after lunch
2018-05-03 14:56:46.450,65,after lunch
2018-05-03 14:56:46.753,71,after lunch
2018-05-03 14:56:47.052,65,after lunch
2018-05-03 14:56:47.654,65,after lunch
2018-05-03 14:56:47.953,65,after lunch
2018-05-03 14:56:48.256,70,after lunch
2018-05-03 14:56:48.555,70,after lunch
2018-05-03 14:56:48.854,6,after lunch
2018-05-03 14:56:49.157,65,after lunch
2018-05-03 14:56:49.456,70,after lunch
2018-05-03 14:56:50.058,65,after lunch
2018-05-03 14:56:50.357,65,after lunch
2018-05-03 14:56:50.660,70,after lunch
2018-05-03 14:56:50.959,65,after lunch
2018-05-03 14:56:51.561,65,after lunch
2018-05-03 14:56:51.860,65,after lunch
2018-05-03 14:56:52.163,62,after lunch
2018-05-03 14:56:52.462,70,after lunch
2018-05-03 14:56:52.761,62,after lunch
2018-05-03 14:56:53.065,70,after lunch
2018-05-03 14:56:53.364,71,after lunch
2018-05-03 14:56:53.966,62,after lunch
2018-05-03 14:56:54.265,62,after lunch
2018-05-03 14:56:54.568,70,after lunch
2018-05-03 14:56:54.867,62,after lunch
2018-05-03 14:56:55.166,62,after lunch
2018-05-03 14:56:55.469,70,after lunch
2018-05-03 14:56:55.768,70,after lunch
2018-05-03 14:56:56.370,65,after lunch
2018-05-03 14:56:56.669,62,after lunch
2018-05-03 14:56:56.972,62,after lunch
2018-05-03 14:56:57.271,65,after lunch
2018-05-03 14:56:57.570,6,after lunch
2018-05-03 14:56:57.873,65,after lunch
2018-05-03 14:56:58.172,65,after lunch
2018-05-03 14:56:58.774,65,after lunch
2018-05-03 14:56:59.073,62,after lunch
2018-05-03 14:56:59.376,70,after lunch
2018-05-03 14:56:59.675,70,after lunch
2018-05-03 14:57:00.277,65,after lunch
2018-05-03 14:57:00.576,62,after lunch
2018-05-03 14:57:00.880,70,after lunch
2018-05-03 14:57:01.179,70,after lunch
2018-05-03 14:57:01.478,62,after lunch
2018-05-03 14:57:01.781,62,after lunch
2018-05-03 14:57:02.080,62,after lunch
2018-05-03 14:57:02.682,62,after lunch
2018-05-03 14:57:02.981,65,after lunch
2018-05-03 14:57:03.284,62,after lunch
2018-05-03 14:57:03.583,70,after lunch
2018-05-03 14:57:03.882,71,after lunch
2018-05-03 14:57:04.185,71,after lunch
2018-05-03 14:57:04.484,65,after lunch
2018-05-03 14:57:05.086,65,after lunch
2018-05-03 14:57:05.385,70,after lunch
2018-05-03 14:57:05.688,65,after lunch
2018-05-03 14:57:05.987,65,after lunch
2018-05-03 14:57:06.286,65,after lunch
2018-05-03 14:57:06.589,65,after lunch
2018-05-03 14:57:06.888,70,after lunch
2018-05-03 14:57:07.490,62,after lunch
2018-05-03 14:57:07.789,70,after lunch
2018-05-03 14:57:08.093,71,after lunch
2018-05-03 14:57:08.392,65,after lunch
2018-05-03 14:57:08.691,6,after lunch
2018-05-03 14:57:08.994,71,after lunch
2018-05-03 14:57:09.293,65,after lunch
2018-05-03 14:57:09.596,62,after lunch
2018-05-03 14:57:09.895,62,after lunch
2018-05-03 14:57:10.194,65,after lunch
2018-05-03 14:57:10.497,62,after lunch
2018-05-03 14:57:10.796,71,after lunch
2018-05-03 14:57:11.398,70,after lunch
2018-05-03 14:57:45.661,103,after lunch
2018-05-03 14:57:45.960,103,after lunch
2018-05-03 14:57:46.263,103,after lunch
2018-05-03 14:57:46.562,103,after lunch
2018-05-03 14:57:46.861,94,after lunch
2018-05-03 14:57:47.164,94,after lunch
2018-05-03 14:57:47.463,94,after lunch
2018-05-03 14:57:48.065,94,after lunch
2018-05-03 14:57:48.364,94,after lunch
2018-05-03 14:57:48.667,77,after lunch
2018-05-03 14:57:48.966,77,after lunch
2018-05-03 14:57:49.568,77,after lunch
2018-05-03 14:57:49.867,77,after lunch
2018-05-03 14:57:50.170,77,after lunch
2018-05-03 14:57:50.469,77,after lunch
2018-05-03 14:57:50.768,77,after lunch
2018-05-03 14:57:51.071,77,after lunch
2018-05-03 14:57:51.370,77,after lunch
2018-05-03 14:57:51.972,77,after lunch
2018-05-03 14:57:52.271,77,after lunch
2018-05-03 14:57:52.575,77,after lunch
2018-05-03 14:57:52.874,77,after lunch
2018-05-03 14:57:53.173,7,after lunch
2018-05-03 14:57:56.179,64,after lunch
2018-05-03 14:57:56.478,70,after lunch
2018-05-03 14:57:57.080,77,after lunch
2018-05-03 14:57:57.379,77,after lunch
2018-05-03 14:57:57.682,77,after lunch
2018-05-03 14:57:57.981,77,after lunch
2018-05-03 14:57:58.280,7,after lunch
2018-05-03 14:57:58.584,77,after lunch
2018-05-03 14:57:58.882,77,after lunch
2018-05-03 14:57:59.185,77,after lunch
2018-05-03 14:57:59.484,77,after lunch
2018-05-03 14:57:59.783,77,after lunch
2018-05-03 14:58:00.087,77,after lunch
2018-05-03 14:58:00.386,77,after lunch
2018-05-03 14:58:00.988,77,after lunch
2018-05-03 14:58:01.287,77,after lunch
2018-05-03 14:58:01.590,77,after lunch
2018-05-03 14:58:01.889,77,after lunch
2018-05-03 14:58:02.188,77,after lunch
2018-05-03 14:58:02.491,77,after lunch
2018-05-03 14:58:02.790,77,after lunch
2018-05-03 15:07:00.215,102,after lunch
2018-05-03 15:07:00.514,102,after lunch
2018-05-03 15:07:00.813,1,after lunch
2018-05-03 15:07:01.116,91,after lunch
2018-05-03 15:07:01.415,91,after lunch
2018-05-03 15:07:01.718,86,after lunch
2018-05-03 15:07:02.017,86,after lunch
2018-05-03 15:07:02.619,86,after lunch
2018-05-03 15:07:02.918,86,after lunch
2018-05-03 15:07:03.221,86,after lunch
2018-05-03 15:07:03.520,86,after lunch
2018-05-03 15:07:03.823,86,after lunch
2018-05-03 15:07:04.123,86,after lunch
2018-05-03 15:07:04.421,86,after lunch
2018-05-03 15:07:04.725,86,after lunch
2018-05-03 15:07:05.024,86,after lunch
2018-05-03 15:07:05.327,86,after lunch
2018-05-03 15:07:05.626,86,after lunch
2018-05-03 15:07:06.228,86,after lunch
2018-05-03 15:07:06.527,86,after lunch
2018-05-03 15:07:06.830,86,after lunch
2018-05-03 15:07:07.129,86,after lunch
2018-05-03 15:07:07.731,86,after lunch
2018-05-03 15:07:08.030,86,after lunch
2018-05-03 15:07:08.333,86,after lunch
2018-05-03 15:07:08.632,86,after lunch
2018-05-03 15:07:08.935,86,after lunch
2018-05-03 15:07:11.639,65,after lunch
2018-05-03 15:07:11.938,65,after lunch
2018-05-03 15:07:12.241,65,after lunch
2018-05-03 15:07:12.540,65,after lunch
2018-05-03 15:07:12.843,65,after lunch
2018-05-03 15:07:13.142,68,after lunch
2018-05-03 15:07:13.441,68,after lunch
2018-05-03 15:07:13.744,71,after lunch
2018-05-03 15:07:14.043,71,after lunch
2018-05-03 15:07:14.346,76,after lunch
2018-05-03 15:07:14.645,84,after lunch
2018-05-03 15:07:14.944,9,after lunch
2018-05-03 15:07:15.247,102,after lunch
2018-05-03 15:07:15.546,102,after lunch
2018-05-03 15:07:15.849,109,after lunch
2018-05-03 15:07:16.148,109,after lunch
2018-05-03 15:07:16.750,109,after lunch
2018-05-03 15:07:17.049,104,after lunch
2018-05-03 15:07:17.352,104,after lunch
2018-05-03 15:07:17.651,101,after lunch
2018-05-03 15:07:17.955,101,after lunch
2018-05-03 15:07:18.254,101,after lunch
2018-05-03 15:07:18.856,97,after lunch
2018-05-03 15:07:19.155,97,after lunch
2018-05-03 15:07:19.458,97,after lunch
2018-05-03 15:07:19.757,93,after lunch
2018-05-03 15:07:20.359,95,after lunch
2018-05-03 15:07:20.658,94,after lunch
2018-05-03 15:07:20.961,94,after lunch
2018-05-03 15:07:21.260,94,after lunch
2018-05-03 15:07:21.563,89,after lunch
2018-05-03 15:07:21.862,89,after lunch
2018-05-03 15:07:22.161,89,after lunch
2018-05-03 15:07:22.464,93,after lunch
2018-05-03 15:07:22.763,93,after lunch
2018-05-03 15:07:23.066,100,after lunch
2018-05-03 15:07:23.365,100,after lunch
2018-05-03 15:07:26.372,106,after lunch
2018-05-03 15:07:26.671,103,after lunch
2018-05-03 15:07:26.974,103,after lunch
2018-05-03 15:07:27.273,104,after lunch
2018-05-03 15:07:27.875,105,after lunch
2018-05-03 15:07:28.174,105,after lunch
2018-05-03 15:07:28.477,101,after lunch
2018-05-03 15:07:28.776,102,after lunch
2018-05-03 15:07:29.378,102,after lunch
2018-05-03 15:07:29.677,1,after lunch
2018-05-03 15:07:29.980,102,after lunch
2018-05-03 15:07:30.279,87,after lunch
2018-05-03 15:07:30.582,87,after lunch
2018-05-03 15:07:30.881,87,after lunch
2018-05-03 15:07:31.483,82,after lunch
2018-05-03 15:07:31.782,79,after lunch
2018-05-03 15:07:32.086,79,after lunch
2018-05-03 15:07:32.385,88,after lunch
2018-05-03 15:07:32.987,91,after lunch
2018-05-03 15:07:33.286,91,after lunch
2018-05-03 15:07:33.589,91,after lunch
2018-05-03 15:07:33.888,93,after lunch
2018-05-03 15:07:34.191,91,after lunch
2018-05-03 15:07:34.490,91,after lunch
2018-05-03 15:07:34.789,9,after lunch
2018-05-03 15:07:35.092,93,after lunch
2018-05-03 15:07:35.391,93,after lunch
2018-05-03 15:07:57.927,105,after lunch
2018-05-03 15:07:58.226,105,after lunch
2018-05-03 15:07:58.529,105,after lunch
2018-05-03 15:07:58.828,105,after lunch
2018-05-03 15:07:59.131,105,after lunch
2018-05-03 15:07:59.430,87,after lunch
2018-05-03 15:08:00.032,87,after lunch
2018-05-03 15:08:00.331,80,after lunch
2018-05-03 15:08:00.634,80,after lunch
2018-05-03 15:08:00.933,79,after lunch
2018-05-03 15:08:01.535,79,after lunch
2018-05-03 15:08:01.834,79,after lunch
2018-05-03 15:08:02.138,73,after lunch
2018-05-03 15:08:02.437,73,after lunch
2018-05-03 15:08:02.740,73,after lunch
2018-05-03 15:08:03.039,73,after lunch
2018-05-03 15:08:03.641,74,after lunch
2018-05-03 15:08:03.940,73,after lunch
2018-05-03 15:08:04.243,73,after lunch
2018-05-03 15:08:04.542,87,after lunch
2018-05-03 15:08:05.144,108,after lunch
2018-05-03 15:08:57.122,10,after lunch
2018-05-03 15:08:57.425,104,after lunch
2018-05-03 15:08:57.724,101,after lunch
2018-05-03 15:08:58.027,103,after lunch
2018-05-03 15:08:58.326,103,after lunch
2018-05-03 15:08:58.928,106,after lunch
2018-05-03 15:08:59.227,106,after lunch
2018-05-03 15:08:59.530,105,after lunch
2018-05-03 15:08:59.829,105,after lunch
2018-05-03 15:09:00.132,105,after lunch
2018-05-03 15:09:00.431,105,after lunch
2018-05-03 15:09:01.033,105,after lunch
2018-05-03 15:09:01.332,105,after lunch
2018-05-03 15:09:01.635,105,after lunch
2018-05-03 15:09:01.934,80,after lunch
2018-05-03 15:09:02.237,80,after lunch
2018-05-03 15:09:02.536,80,after lunch
2018-05-03 15:09:03.139,71,after lunch
2018-05-03 15:09:03.438,71,after lunch
2018-05-03 15:09:03.741,71,after lunch
2018-05-03 15:09:04.040,71,after lunch
2018-05-03 15:09:04.343,71,after lunch
2018-05-03 15:09:04.642,71,after lunch
2018-05-03 15:09:05.244,63,after lunch
2018-05-03 15:09:05.543,63,after lunch
2018-05-03 15:09:06.747,62,after lunch
2018-05-03 15:09:07.046,62,after lunch
2018-05-03 15:09:07.349,62,after lunch
2018-05-03 15:09:07.648,62,after lunch
2018-05-03 15:09:08.250,62,after lunch
2018-05-03 15:09:08.549,62,after lunch
2018-05-03 15:09:28.984,102,after lunch
2018-05-03 15:09:29.586,102,after lunch
2018-05-03 15:09:29.885,102,after lunch
2018-05-03 15:09:30.188,102,after lunch
2018-05-03 15:09:30.487,102,after lunch
2018-05-03 15:09:30.790,102,after lunch
2018-05-03 15:09:31.089,102,after lunch
2018-05-03 15:09:31.691,102,after lunch
2018-05-03 15:09:31.990,102,after lunch
2018-05-03 15:09:32.294,102,after lunch
2018-05-03 15:09:32.593,102,after lunch
2018-05-03 15:09:32.896,104,after lunch
2018-05-03 15:09:33.195,104,after lunch
2018-05-03 15:09:33.498,104,after lunch
2018-05-03 15:09:33.797,104,after lunch
2018-05-03 15:09:34.399,104,after lunch
2018-05-03 15:09:34.698,104,after lunch
2018-05-03 15:09:35.001,104,after lunch
2018-05-03 15:09:35.300,104,after lunch
2018-05-03 15:09:35.603,81,after lunch
2018-05-03 15:09:35.902,81,after lunch
2018-05-03 15:09:36.504,81,after lunch
2018-05-03 15:09:36.803,81,after lunch
2018-05-03 15:09:37.106,81,after lunch
2018-05-03 15:09:37.405,71,after lunch
2018-05-03 15:09:37.708,71,after lunch
2018-05-03 15:09:38.007,71,after lunch
2018-05-03 15:09:38.306,71,after lunch
2018-05-03 15:09:38.610,71,after lunch
2018-05-03 15:09:38.909,71,after lunch
2018-05-03 15:09:39.212,71,after lunch
2018-05-03 15:09:39.511,71,after lunch
2018-05-03 15:09:40.113,71,after lunch
2018-05-03 15:09:40.412,71,after lunch
2018-05-03 15:09:40.715,71,after lunch
2018-05-03 15:09:41.014,71,after lunch
2018-05-03 15:09:41.317,71,after lunch
2018-05-03 15:09:41.616,71,after lunch
2018-05-03 15:09:41.915,71,after lunch
2018-05-03 15:09:42.218,71,after lunch
2018-05-03 15:09:42.517,71,after lunch
2018-05-03 15:09:48.227,107,after lunch
2018-05-03 15:09:48.530,107,after lunch
2018-05-03 15:09:48.829,107,after lunch
2018-05-03 15:09:49.431,107,after lunch
2018-05-03 15:09:49.730,107,after lunch
2018-05-03 15:09:50.033,107,after lunch
2018-05-03 15:09:50.332,84,after lunch
2018-05-03 15:09:50.635,84,after lunch
2018-05-03 15:09:50.934,84,after lunch
2018-05-03 15:09:51.536,76,after lunch
2018-05-03 15:09:51.835,76,after lunch
2018-05-03 15:09:52.138,76,after lunch
2018-05-03 15:09:52.437,74,after lunch
2018-05-03 15:09:53.040,75,after lunch
2018-05-03 15:09:53.339,76,after lunch
2018-05-03 15:09:53.642,77,after lunch
2018-05-03 15:09:53.941,77,after lunch
2018-05-03 15:09:54.244,78,after lunch
2018-05-03 15:09:54.543,79,after lunch
2018-05-03 15:09:55.145,79,after lunch
2018-05-03 15:09:55.444,79,after lunch
2018-05-03 15:09:55.747,80,after lunch
2018-05-03 15:09:56.046,80,after lunch
2018-05-03 15:09:56.349,100,after lunch
2018-05-03 15:09:56.648,100,after lunch
2018-05-03 15:10:00.556,109,after lunch
2018-05-03 15:10:00.855,109,after lunch
2018-05-03 15:10:02.960,109,after lunch
2018-05-03 15:12:25.540,71,after lunch
2018-05-03 15:12:26.142,65,after lunch
2018-05-03 15:12:26.441,71,after lunch
2018-05-03 15:12:26.744,65,after lunch
2018-05-03 15:12:27.043,62,after lunch
2018-05-03 15:12:27.342,65,after lunch
2018-05-03 15:12:27.645,65,after lunch
2018-05-03 15:12:27.944,70,after lunch
2018-05-03 15:12:28.547,62,after lunch
2018-05-03 15:12:28.846,65,after lunch
2018-05-03 15:12:29.149,70,after lunch
2018-05-03 15:12:29.448,62,after lunch
2018-05-03 15:12:29.747,65,after lunch
2018-05-03 15:12:30.050,65,after lunch
2018-05-03 15:12:30.349,70,after lunch
2018-05-03 15:12:30.951,65,after lunch
2018-05-03 15:12:31.250,65,after lunch
2018-05-03 15:12:31.553,65,after lunch
2018-05-03 15:12:31.852,62,after lunch
2018-05-03 15:12:32.454,62,after lunch
2018-05-03 17:55:50.821,62,after jogging
2018-05-03 17:55:51.120,62,after jogging
2018-05-03 17:55:51.419,65,after jogging
2018-05-03 17:55:51.722,65,after jogging
2018-05-03 17:55:52.021,69,after jogging
2018-05-03 17:55:52.320,69,after jogging
2018-05-03 17:55:52.623,72,after jogging
2018-05-03 17:55:52.922,72,after jogging
2018-05-03 17:55:53.524,103,after jogging
2018-05-03 17:55:53.823,103,after jogging
2018-05-03 17:56:06.131,84,after jogging
2018-05-03 17:56:06.434,84,after jogging
2018-05-03 17:56:06.733,88,after jogging
2018-05-03 17:56:07.032,88,after jogging
2018-05-03 17:56:07.336,88,after jogging
2018-05-03 17:56:07.635,88,after jogging
2018-05-03 17:56:08.237,88,after jogging
2018-05-03 17:56:08.536,88,after jogging
2018-05-03 17:56:09.138,88,after jogging
2018-05-03 17:56:09.437,88,after jogging
2018-05-03 17:56:09.740,88,after jogging
2018-05-03 17:56:19.644,108,after jogging
2018-05-03 17:56:19.947,108,after jogging
2018-05-03 17:56:20.246,106,after jogging
2018-05-03 17:56:20.848,105,after jogging
2018-05-03 17:56:21.147,104,after jogging
2018-05-03 17:56:21.450,104,after jogging
2018-05-03 17:56:21.749,105,after jogging
2018-05-03 17:56:22.048,105,after jogging
2018-05-03 17:56:22.351,109,after jogging
2018-05-03 17:57:59.020,109,after jogging
2018-05-03 17:57:59.319,109,after jogging
2018-05-03 17:57:59.921,108,after jogging
2018-05-03 17:58:00.220,108,after jogging
2018-05-03 17:58:00.523,108,after jogging
2018-05-03 17:58:00.822,107,after jogging
2018-05-03 17:58:01.121,107,after jogging
2018-05-03 17:58:01.424,107,after jogging
2018-05-03 17:58:01.723,107,after jogging
2018-05-03 17:58:02.022,10,after jogging
2018-05-03 17:58:02.325,107,after jogging
2018-05-03 17:58:02.624,107,after jogging
2018-05-03 17:59:50.782,10,after jogging
2018-05-03 17:59:50.884,107,after jogging
2018-05-03 17:59:50.983,10,after jogging
2018-05-03 17:59:51.085,107,after jogging
2018-05-03 17:59:51.183,10,after jogging
2018-05-03 17:59:51.286,107,after jogging
2018-05-03 17:59:51.384,1,after jogging
2018-05-03 17:59:51.487,107,after jogging
2018-05-03 17:59:51.585,1,after jogging
2018-05-03 17:59:51.687,107,after jogging
2018-05-03 17:59:51.785,1,after jogging
2018-05-03 17:59:51.888,107,after jogging
2018-05-03 17:59:51.986,10,after jogging
2018-05-03 17:59:52.089,107,after jogging
2018-05-03 17:59:52.289,107,after jogging
2018-05-03 17:59:52.490,107,after jogging
2018-05-03 17:59:52.691,107,after jogging
2018-05-03 17:59:52.891,107,after jogging
2018-05-03 17:59:53.092,107,after jogging
2018-05-03 17:59:53.293,107,after jogging
2018-05-03 17:59:53.494,107,after jogging
2018-05-03 17:59:53.694,107,after jogging
2018-05-03 17:59:53.897,107,after jogging
2018-05-03 17:59:54.096,107,after jogging
2018-05-03 17:59:54.296,107,after jogging
2018-05-03 17:59:54.498,107,after jogging
2018-05-03 17:59:54.698,107,after jogging
2018-05-03 17:59:54.800,107,after jogging
2018-05-03 17:59:54.898,107,after jogging
2018-05-03 17:59:55.001,107,after jogging
2018-05-03 17:59:55.099,107,after jogging
2018-05-03 17:59:55.202,107,after jogging
2018-05-03 17:59:55.300,107,after jogging
2018-05-03 17:59:55.402,107,after jogging
2018-05-03 17:59:55.501,107,after jogging
2018-05-03 17:59:55.603,107,after jogging
2018-05-03 17:59:55.701,107,after jogging
2018-05-03 17:59:55.804,107,after jogging
2018-05-03 17:59:55.902,107,after jogging
2018-05-03 17:59:56.004,107,after jogging
2018-05-03 17:59:56.103,107,after jogging
2018-05-03 17:59:56.205,107,after jogging
2018-05-03 17:59:56.303,107,after jogging
2018-05-03 17:59:56.406,107,after jogging
2018-05-03 17:59:56.504,107,after jogging
2018-05-03 17:59:56.607,107,after jogging
2018-05-03 17:59:56.705,107,after jogging
2018-05-03 17:59:56.807,107,after jogging
2018-05-03 17:59:56.906,107,after jogging
2018-05-03 17:59:57.008,107,after jogging
2018-05-03 17:59:57.106,107,after jogging
2018-05-03 17:59:57.209,107,after jogging
2018-05-03 17:59:57.307,107,after jogging
2018-05-03 17:59:57.409,107,after jogging
2018-05-03 17:59:57.508,107,after jogging
2018-05-03 17:59:57.610,107,after jogging
2018-05-03 17:59:57.708,107,after jogging
2018-05-03 17:59:57.811,80,after jogging
2018-05-03 17:59:57.909,80,after jogging
2018-05-03 17:59:58.011,80,after jogging
2018-05-03 17:59:58.110,80,after jogging
2018-05-03 17:59:58.212,83,after jogging
2018-05-03 17:59:58.311,83,after jogging
2018-05-03 17:59:58.413,83,after jogging
2018-05-03 17:59:58.511,89,after jogging
2018-05-03 17:59:58.613,89,after jogging
2018-05-03 17:59:58.712,89,after jogging
2018-05-03 17:59:58.814,96,after jogging
2018-05-03 17:59:58.913,96,after jogging
2018-05-03 17:59:59.015,104,after jogging
2018-05-03 17:59:59.113,104,after jogging
2018-05-03 17:59:59.216,104,after jogging
2018-05-03 18:00:36.644,77,after jogging
2018-05-03 18:00:36.743,77,after jogging
2018-05-03 18:00:36.845,77,after jogging
2018-05-03 18:00:36.943,77,after jogging
2018-05-03 18:00:37.046,77,after jogging
2018-05-03 18:00:37.144,80,after jogging
2018-05-03 18:00:37.247,80,after jogging
2018-05-03 18:00:37.345,80,after jogging
2018-05-03 18:00:37.447,86,after jogging
2018-05-03 18:00:37.546,86,after jogging
2018-05-03 18:00:37.648,92,after jogging
2018-05-03 18:00:37.746,92,after jogging
2018-05-03 18:00:37.849,92,after jogging
2018-05-03 18:00:37.947,100,after jogging
2018-05-03 18:00:38.049,100,after jogging
2018-05-03 18:00:38.148,100,after jogging
2018-05-03 18:00:38.250,109,after jogging
2018-05-03 18:00:38.348,109,after jogging
2018-05-03 18:01:15.679,98,after jogging
2018-05-03 18:01:15.880,98,after jogging
2018-05-03 18:01:16.080,98,after jogging
2018-05-03 18:01:16.281,98,after jogging
2018-05-03 18:01:16.482,98,after jogging
2018-05-03 18:01:16.580,9,after jogging
2018-05-03 18:01:16.682,98,after jogging
2018-05-03 18:01:16.781,98,after jogging
2018-05-03 18:01:16.883,98,after jogging
2018-05-03 18:01:16.981,98,after jogging
2018-05-03 18:01:17.084,98,after jogging
2018-05-03 18:01:17.182,98,after jogging
2018-05-03 18:01:17.284,98,after jogging
2018-05-03 18:01:17.383,98,after jogging
2018-05-03 18:01:17.485,98,after jogging
2018-05-03 18:01:17.583,98,after jogging
2018-05-03 18:01:17.686,98,after jogging
2018-05-03 18:01:17.784,98,after jogging
2018-05-03 18:01:17.887,98,after jogging
2018-05-03 18:01:17.985,98,after jogging
2018-05-03 18:01:18.087,98,after jogging
2018-05-03 18:01:18.186,98,after jogging
2018-05-03 18:01:18.288,98,after jogging
2018-05-03 18:01:18.387,98,after jogging
2018-05-03 18:01:18.489,98,after jogging
2018-05-03 18:01:18.587,98,after jogging
2018-05-03 18:01:18.689,98,after jogging
2018-05-03 18:01:18.788,98,after jogging
2018-05-03 18:01:18.890,98,after jogging
2018-05-03 18:01:18.988,98,after jogging
2018-05-03 18:01:19.092,98,after jogging
2018-05-03 18:01:19.189,98,after jogging
2018-05-03 18:01:19.292,98,after jogging
2018-05-03 18:01:19.390,98,after jogging
2018-05-03 18:01:19.492,98,after jogging
2018-05-03 18:01:19.591,98,after jogging
2018-05-03 18:01:19.693,98,after jogging
2018-05-03 18:01:19.791,98,after jogging
2018-05-03 18:01:19.894,98,after jogging
2018-05-03 18:01:19.992,98,after jogging
2018-05-03 18:01:20.094,98,after jogging
2018-05-03 18:01:20.193,98,after jogging
2018-05-03 18:01:20.295,98,after jogging
2018-05-03 18:01:20.393,98,after jogging
2018-05-03 18:01:20.496,98,after jogging
2018-05-03 18:01:20.594,98,after jogging
2018-05-03 18:01:20.795,98,after jogging
2018-05-03 18:01:20.996,98,after jogging
2018-05-03 18:01:21.196,98,after jogging
2018-05-03 18:01:21.397,98,after jogging
2018-05-03 18:01:21.598,98,after jogging
2018-05-03 18:01:21.798,98,after jogging
2018-05-03 18:01:21.999,98,after jogging
2018-05-03 18:01:36.110,107,after jogging
2018-05-03 18:01:36.212,107,after jogging
2018-05-03 18:01:36.310,107,after jogging
2018-05-03 18:01:36.413,107,after jogging
2018-05-03 18:01:36.511,107,after jogging
2018-05-03 18:01:36.613,107,after jogging
2018-05-03 18:01:36.712,107,after jogging
2018-05-03 18:01:36.814,107,after jogging
2018-05-03 18:01:36.912,107,after jogging
2018-05-03 18:01:37.015,107,after jogging
2018-05-03 18:01:37.113,107,after jogging
2018-05-03 18:01:37.215,107,after jogging
2018-05-03 18:01:37.314,107,after jogging
2018-05-03 18:01:37.416,107,after jogging
2018-05-03 18:01:37.514,107,after jogging
2018-05-03 18:01:37.617,107,after jogging
2018-05-03 18:01:37.715,107,after jogging
2018-05-03 18:01:37.817,107,after jogging
2018-05-03 18:01:37.916,107,after jogging
2018-05-03 18:01:38.018,107,after jogging
2018-05-03 18:01:38.116,107,after jogging
2018-05-03 18:01:38.219,107,after jogging
2018-05-03 18:01:38.317,107,after jogging
2018-05-03 18:01:38.420,107,after jogging
2018-05-03 18:01:38.518,107,after jogging
2018-05-03 18:01:38.620,107,after jogging
2018-05-03 18:01:38.719,107,after jogging
2018-05-03 18:01:38.821,107,after jogging
2018-05-03 18:01:38.919,107,after jogging
2018-05-03 18:01:39.022,107,after jogging
2018-05-03 18:01:39.121,107,after jogging
2018-05-03 18:01:39.222,107,after jogging
2018-05-03 18:01:39.321,107,after jogging
2018-05-03 18:01:39.423,107,after jogging
2018-05-03 18:01:39.521,107,after jogging
2018-05-03 18:01:39.624,107,after jogging
2018-05-03 18:01:39.722,107,after jogging
2018-05-03 18:01:47.631,101,after jogging
2018-05-03 18:01:47.730,101,after jogging
2018-05-03 18:01:47.833,101,after jogging
2018-05-03 18:01:47.930,101,after jogging
2018-05-03 18:01:48.033,101,after jogging
2018-05-03 18:01:48.131,97,after jogging
2018-05-03 18:01:48.233,97,after jogging
2018-05-03 18:01:48.332,97,after jogging
2018-05-03 18:01:48.434,97,after jogging
2018-05-03 18:01:48.532,96,after jogging
2018-05-03 18:01:48.635,96,after jogging
2018-05-03 18:01:48.733,101,after jogging
2018-05-03 18:01:48.836,101,after jogging
2018-05-03 18:01:48.934,101,after jogging
2018-05-03 18:01:49.036,101,after jogging
2018-05-03 18:01:49.135,101,after jogging
2018-05-03 18:01:49.237,101,after jogging
2018-05-03 19:53:54.913,105,night
2018-05-03 19:53:55.016,105,night
2018-05-03 19:53:55.114,105,night
2018-05-03 19:53:55.216,105,night
2018-05-03 19:53:55.315,105,night
2018-05-03 19:53:55.417,105,night
2018-05-03 19:53:55.515,105,night
2018-05-03 19:53:55.618,102,night
2018-05-03 19:53:55.716,102,night
2018-05-03 19:53:55.818,102,night
2018-05-03 19:53:55.917,102,night
2018-05-03 19:53:56.019,102,night
2018-05-03 19:53:56.118,102,night
2018-05-03 19:53:56.220,96,night
2018-05-03 19:53:56.318,96,night
2018-05-03 19:53:56.421,96,night
2018-05-03 19:53:56.519,96,night
2018-05-03 19:53:56.622,96,night
2018-05-03 19:53:56.720,96,night
2018-05-03 19:53:56.822,96,night
2018-05-03 19:53:56.920,90,night
2018-05-03 19:53:57.023,90,night
2018-05-03 19:53:57.122,90,night
2018-05-03 19:53:57.223,90,night
2018-05-03 19:53:57.322,92,night
2018-05-03 19:53:57.424,92,night
2018-05-03 19:53:57.522,101,night
2018-05-03 19:53:57.625,101,night
2018-05-03 19:53:57.723,101,night
2018-05-03 19:53:57.825,101,night
2018-05-03 19:53:57.924,101,night
2018-05-03 19:53:58.026,101,night
2018-05-03 19:53:58.125,101,night
2018-05-03 19:53:58.227,101,night
2018-05-03 19:53:58.325,101,night
2018-05-03 19:53:58.428,101,night
2018-05-03 19:53:58.526,101,night
2018-05-03 19:53:58.628,109,night
2018-05-03 19:53:58.727,109,night
2018-05-03 19:53:58.829,109,night
2018-05-03 19:53:58.927,109,night
2018-05-03 19:53:59.030,109,night
2018-05-03 19:53:59.730,108,night
2018-05-03 19:53:59.828,108,night
2018-05-03 19:53:59.931,108,night
2018-05-03 19:54:00.029,108,night
2018-05-03 19:54:00.131,108,night
2018-05-03 19:54:00.230,108,night
2018-05-03 19:54:09.540,103,night
2018-05-03 19:54:09.638,103,night
2018-05-03 19:54:09.741,103,night
2018-05-03 19:54:09.839,103,night
2018-05-03 19:54:09.941,103,night
2018-05-03 19:54:10.040,103,night
2018-05-03 19:54:10.142,103,night
2018-05-03 19:54:10.241,103,night
2018-05-03 19:54:10.343,103,night
2018-05-03 19:54:10.441,103,night
2018-05-03 19:54:10.543,103,night
2018-05-03 19:54:10.642,103,night
2018-05-03 19:54:10.744,103,night
2018-05-03 19:54:10.842,103,night
2018-05-03 19:54:10.945,91,night
2018-05-03 19:54:11.043,91,night
2018-05-03 19:54:11.145,91,night
2018-05-03 19:54:11.244,91,night
2018-05-03 19:54:11.346,91,night
2018-05-03 19:54:11.445,91,night
2018-05-03 19:54:11.547,91,night
2018-05-03 19:54:11.645,91,night
2018-05-03 19:54:11.748,91,night
2018-05-03 19:54:11.846,87,night
2018-05-03 19:54:11.948,87,night
2018-05-03 19:54:12.047,87,night
2018-05-03 19:54:12.149,87,night
2018-05-03 19:54:12.247,87,night
2018-05-03 19:54:12.350,88,night
2018-05-03 19:54:12.448,88,night
2018-05-03 19:54:12.550,88,night
2018-05-03 19:54:12.649,88,night
2018-05-03 19:54:12.751,88,night
2018-05-03 19:54:12.849,88,night
2018-05-03 19:54:12.952,88,night
2018-05-03 19:54:13.050,88,night
2018-05-03 19:54:13.153,88,night
2018-05-03 19:54:13.251,84,night
2018-05-03 19:54:13.353,84,night
2018-05-03 19:54:13.452,84,night
2018-05-03 19:54:13.554,84,night
2018-05-03 19:54:13.652,84,night
2018-05-03 19:54:13.755,82,night
2018-05-03 19:54:13.853,82,night
2018-05-03 19:54:13.955,82,night
2018-05-03 19:54:14.054,82,night
2018-05-03 19:54:14.156,82,night
2018-05-03 19:54:14.254,82,night
2018-05-03 19:54:14.357,78,night
2018-05-03 19:54:14.455,78,night
2018-05-03 19:54:14.656,78,night
2018-05-03 19:54:14.758,78,night
2018-05-03 19:54:14.857,78,night
2018-05-03 19:54:15.057,78,night
2018-05-03 19:54:15.258,78,night
2018-05-03 19:54:15.459,78,night
2018-05-03 19:54:15.659,78,night
2018-05-03 19:54:15.860,78,night
2018-05-03 19:54:16.061,75,night
2018-05-03 19:54:16.159,7,night
2018-05-03 19:54:16.261,75,night
2018-05-03 19:54:16.360,7,night
2018-05-03 19:54:16.462,75,night
2018-05-03 19:54:16.560,75,night
2018-05-03 19:54:16.663,84,night
2018-05-03 19:54:16.761,84,night
2018-05-03 19:54:16.863,84,night
2018-05-03 19:54:16.962,84,night
2018-05-03 19:54:17.064,84,night
2018-05-03 19:54:17.162,84,night
2018-05-03 19:54:17.265,95,night
2018-05-03 19:54:17.363,95,night
2018-05-03 19:54:17.466,95,night
2018-05-03 19:54:17.564,95,night
2018-05-03 19:54:17.666,95,night
2018-05-03 19:54:17.765,100,night
2018-05-03 19:54:17.867,100,night
2018-05-03 19:54:17.966,100,night
2018-05-03 19:54:18.068,100,night
2018-05-03 19:54:18.166,103,night
2018-05-03 19:54:18.268,103,night
2018-05-03 19:54:18.367,103,night
2018-05-03 19:54:19.968,107,night
2018-05-03 19:54:20.071,107,night
2018-05-03 19:54:20.169,107,night
2018-05-03 19:54:20.271,107,night
2018-05-03 19:54:20.370,107,night
2018-05-03 19:54:20.472,107,night
2018-05-03 19:54:20.570,107,night
2018-05-03 19:54:20.673,107,night
2018-05-03 19:54:20.771,10,night
2018-05-03 19:54:20.873,107,night
2018-05-03 19:54:20.972,10,night
2018-05-03 19:54:21.074,107,night
2018-05-03 19:54:21.173,10,night
2018-05-03 19:54:21.275,107,night
2018-05-03 19:54:21.373,1,night
2018-05-03 19:54:21.475,102,night
2018-05-03 19:54:21.574,1,night
2018-05-03 19:54:21.677,102,night
2018-05-03 19:54:21.774,1,night
2018-05-03 19:54:21.877,102,night
2018-05-03 19:54:22.078,102,night
2018-05-03 19:54:22.278,102,night
2018-05-03 19:54:22.479,102,night
2018-05-03 19:54:22.680,101,night
2018-05-03 19:54:22.880,101,night
2018-05-03 19:54:23.081,102,night
2018-05-03 19:54:23.282,102,night
2018-05-03 19:54:23.482,102,night
2018-05-03 19:54:23.683,102,night
2018-05-03 19:54:23.884,102,night
2018-05-03 19:54:24.085,103,night
2018-05-03 19:54:24.285,103,night
2018-05-03 19:54:24.486,103,night
2018-05-03 19:54:24.687,106,night
2018-05-03 19:54:24.789,106,night
2018-05-03 19:54:24.887,106,night
2018-05-03 19:54:24.990,106,night
2018-05-03 19:54:25.088,106,night
2018-05-03 19:54:34.595,9,night
2018-05-03 19:54:34.697,99,night
2018-05-03 19:54:34.796,99,night
2018-05-03 19:54:34.898,99,night
2018-05-03 19:54:34.996,99,night
2018-05-03 19:54:35.099,99,night
2018-05-03 19:54:35.197,99,night
2018-05-03 19:54:35.299,99,night
2018-05-03 19:54:35.398,99,night
2018-05-03 19:54:35.500,99,night
2018-05-03 19:54:35.598,99,night
2018-05-03 19:54:35.701,87,night
2018-05-03 19:54:35.799,87,night
2018-05-03 19:54:35.901,87,night
2018-05-03 19:54:36.000,87,night
2018-05-03 19:54:36.102,87,night
2018-05-03 19:54:36.200,87,night
2018-05-03 19:54:36.303,87,night
2018-05-03 19:54:36.401,83,night
2018-05-03 19:54:36.505,83,night
2018-05-03 19:54:36.602,83,night
2018-05-03 19:54:36.704,83,night
2018-05-03 19:54:36.803,83,night
2018-05-03 19:54:36.905,83,night
2018-05-03 19:54:37.003,79,night
2018-05-03 19:54:37.106,79,night
2018-05-03 19:54:37.204,79,night
2018-05-03 19:54:37.306,79,night
2018-05-03 19:54:37.405,79,night
2018-05-03 19:54:37.507,79,night
2018-05-03 19:54:37.605,76,night
2018-05-03 19:54:37.708,76,night
2018-05-03 19:54:37.806,76,night
2018-05-03 19:54:37.908,76,night
2018-05-03 19:54:38.007,76,night
2018-05-03 19:54:38.109,76,night
2018-05-03 19:54:38.207,77,night
2018-05-03 19:54:38.310,77,night
2018-05-03 19:54:38.408,77,night
2018-05-03 19:54:38.511,77,night
2018-05-03 19:54:38.609,77,night
2018-05-03 19:54:38.711,76,night
2018-05-03 19:54:38.810,76,night
2018-05-03 19:54:39.010,76,night
2018-05-03 19:54:39.211,76,night
2018-05-03 19:54:39.412,73,night
2018-05-03 19:54:39.613,73,night
2018-05-03 19:54:39.813,71,night
2018-05-03 19:54:40.014,71,night
2018-05-03 19:54:40.215,71,night
2018-05-03 19:54:40.415,85,night
2018-05-03 19:54:40.514,8,night
2018-05-03 19:54:40.616,85,night
2018-05-03 19:54:40.715,85,night
2018-05-03 19:54:40.817,85,night
2018-05-03 19:54:40.915,8,night
2018-05-03 19:54:41.017,93,night
2018-05-03 19:54:41.117,93,night
2018-05-03 19:54:41.218,93,night
2018-05-03 19:54:41.316,107,night
2018-05-03 19:54:41.419,107,night
2018-05-03 19:54:41.517,10,night
2018-05-03 19:55:05.138,106,night
2018-05-03 19:55:05.237,1,night
2018-05-03 19:55:05.340,106,night
2018-05-03 19:55:05.437,1,night
2018-05-03 19:55:05.540,104,night
2018-05-03 19:55:05.741,108,night
2018-05-03 19:55:05.941,108,night
2018-05-03 19:55:06.142,108,night
2018-05-03 19:55:06.343,109,night
2018-05-03 19:55:06.543,109,night
2018-05-03 19:55:06.744,109,night
2018-05-03 19:55:06.945,109,night
2018-05-03 19:55:18.254,105,night
2018-05-03 19:55:18.356,105,night
2018-05-03 19:55:18.454,105,night
2018-05-03 19:55:18.557,105,night
2018-05-03 19:55:18.655,105,night
2018-05-03 19:55:18.757,105,night
2018-05-03 19:55:18.856,105,night
2018-05-03 19:55:18.958,105,night
2018-05-03 19:55:19.056,105,night
2018-05-03 19:55:19.159,105,night
2018-05-03 19:55:19.257,105,night
2018-05-03 19:55:19.359,105,night
2018-05-03 19:55:19.458,105,night
2018-05-03 19:55:19.560,105,night
2018-05-03 19:55:19.659,89,night
2018-05-03 19:55:19.761,89,night
2018-05-03 19:55:19.859,89,night
2018-05-03 19:55:19.962,89,night
2018-05-03 19:55:20.060,89,night
2018-05-03 19:55:20.163,89,night
2018-05-03 19:55:20.261,89,night
2018-05-03 19:55:20.363,89,night
2018-05-03 19:55:20.461,89,night
2018-05-03 19:55:20.564,89,night
2018-05-03 19:55:20.662,89,night
2018-05-03 19:55:20.764,89,night
2018-05-03 19:55:20.863,89,night
2018-05-03 19:55:20.965,76,night
2018-05-03 19:55:21.063,76,night
2018-05-03 19:55:21.166,76,night
2018-05-03 19:55:21.264,76,night
2018-05-03 19:55:21.367,76,night
2018-05-03 19:55:21.465,76,night
2018-05-03 19:55:21.568,76,night
2018-05-03 19:55:21.666,76,night
2018-05-03 19:55:21.768,76,night
2018-05-03 19:55:21.866,74,night
2018-05-03 19:55:21.969,74,night
2018-05-03 19:55:22.067,74,night
2018-05-03 19:55:22.169,74,night
2018-05-03 19:55:22.268,74,night
2018-05-03 19:55:22.370,75,night
2018-05-03 19:55:22.468,75,night
2018-05-03 19:55:22.669,75,night
2018-05-03 19:55:22.771,75,night
2018-05-03 19:55:22.870,75,night
2018-05-03 19:55:23.070,75,night
2018-05-03 19:55:23.271,78,night
2018-05-03 19:55:23.472,81,night
2018-05-03 19:55:23.673,81,night
2018-05-03 19:55:23.873,82,night
2018-05-03 19:55:24.074,102,night
2018-05-03 19:55:24.275,102,night
